<?xml version="1.0" encoding="UTF-8"?>
<!-- IMPORTANT: This is an internal file that has been generated
     by the Xilinx ISE software.  Any direct editing or
     changes made to this file may result in unpredictable
     behavior or data corruption.  It is strongly advised that
     users do not edit the contents of this file. -->
<DeviceUsageSummary rev="24">
<DesignStatistics TimeStamp="Fri Jun 30 16:28:41 2017"><group name="NetStatistics">
<item name="NumNets_Active" rev="23">
<attrib name="value" value="372"/></item>
<item name="NumNets_Gnd" rev="23">
<attrib name="value" value="1"/></item>
<item name="NumNets_Vcc" rev="23">
<attrib name="value" value="1"/></item>
<item name="NumNodesOfType_Active_BOUNCEACROSS" rev="23">
<attrib name="value" value="21"/></item>
<item name="NumNodesOfType_Active_BOUNCEIN" rev="23">
<attrib name="value" value="56"/></item>
<item name="NumNodesOfType_Active_BUFGOUT" rev="23">
<attrib name="value" value="2"/></item>
<item name="NumNodesOfType_Active_BUFHINP2OUT" rev="23">
<attrib name="value" value="7"/></item>
<item name="NumNodesOfType_Active_CLKPIN" rev="23">
<attrib name="value" value="57"/></item>
<item name="NumNodesOfType_Active_CLKPINFEED" rev="23">
<attrib name="value" value="11"/></item>
<item name="NumNodesOfType_Active_CNTRLPIN" rev="23">
<attrib name="value" value="76"/></item>
<item name="NumNodesOfType_Active_DOUBLE" rev="23">
<attrib name="value" value="266"/></item>
<item name="NumNodesOfType_Active_GENERIC" rev="23">
<attrib name="value" value="16"/></item>
<item name="NumNodesOfType_Active_GLOBAL" rev="23">
<attrib name="value" value="33"/></item>
<item name="NumNodesOfType_Active_INPUT" rev="23">
<attrib name="value" value="84"/></item>
<item name="NumNodesOfType_Active_IOBIN2OUT" rev="23">
<attrib name="value" value="13"/></item>
<item name="NumNodesOfType_Active_IOBOUTPUT" rev="23">
<attrib name="value" value="13"/></item>
<item name="NumNodesOfType_Active_LUTINPUT" rev="23">
<attrib name="value" value="808"/></item>
<item name="NumNodesOfType_Active_OUTBOUND" rev="23">
<attrib name="value" value="311"/></item>
<item name="NumNodesOfType_Active_OUTPUT" rev="23">
<attrib name="value" value="368"/></item>
<item name="NumNodesOfType_Active_PADINPUT" rev="23">
<attrib name="value" value="11"/></item>
<item name="NumNodesOfType_Active_PADOUTPUT" rev="23">
<attrib name="value" value="3"/></item>
<item name="NumNodesOfType_Active_PINBOUNCE" rev="23">
<attrib name="value" value="201"/></item>
<item name="NumNodesOfType_Active_PINFEED" rev="23">
<attrib name="value" value="936"/></item>
<item name="NumNodesOfType_Active_QUAD" rev="23">
<attrib name="value" value="63"/></item>
<item name="NumNodesOfType_Active_REGINPUT" rev="23">
<attrib name="value" value="39"/></item>
<item name="NumNodesOfType_Active_SINGLE" rev="23">
<attrib name="value" value="499"/></item>
<item name="NumNodesOfType_Gnd_BOUNCEIN" rev="23">
<attrib name="value" value="25"/></item>
<item name="NumNodesOfType_Gnd_CLKPIN" rev="23">
<attrib name="value" value="1"/></item>
<item name="NumNodesOfType_Gnd_DOUBLE" rev="23">
<attrib name="value" value="3"/></item>
<item name="NumNodesOfType_Gnd_HGNDOUT" rev="23">
<attrib name="value" value="10"/></item>
<item name="NumNodesOfType_Gnd_INPUT" rev="23">
<attrib name="value" value="224"/></item>
<item name="NumNodesOfType_Gnd_LUTINPUT" rev="23">
<attrib name="value" value="24"/></item>
<item name="NumNodesOfType_Gnd_OUTBOUND" rev="23">
<attrib name="value" value="7"/></item>
<item name="NumNodesOfType_Gnd_OUTPUT" rev="23">
<attrib name="value" value="11"/></item>
<item name="NumNodesOfType_Gnd_PINBOUNCE" rev="23">
<attrib name="value" value="68"/></item>
<item name="NumNodesOfType_Gnd_PINFEED" rev="23">
<attrib name="value" value="218"/></item>
<item name="NumNodesOfType_Gnd_REGINPUT" rev="23">
<attrib name="value" value="3"/></item>
<item name="NumNodesOfType_Gnd_SINGLE" rev="23">
<attrib name="value" value="5"/></item>
<item name="NumNodesOfType_Vcc_GENERIC" rev="23">
<attrib name="value" value="1"/></item>
<item name="NumNodesOfType_Vcc_HVCCOUT" rev="23">
<attrib name="value" value="39"/></item>
<item name="NumNodesOfType_Vcc_INPUT" rev="23">
<attrib name="value" value="11"/></item>
<item name="NumNodesOfType_Vcc_IOBIN2OUT" rev="23">
<attrib name="value" value="1"/></item>
<item name="NumNodesOfType_Vcc_IOBOUTPUT" rev="23">
<attrib name="value" value="1"/></item>
<item name="NumNodesOfType_Vcc_KVCCOUT" rev="23">
<attrib name="value" value="3"/></item>
<item name="NumNodesOfType_Vcc_LUTINPUT" rev="23">
<attrib name="value" value="97"/></item>
<item name="NumNodesOfType_Vcc_PADINPUT" rev="23">
<attrib name="value" value="1"/></item>
<item name="NumNodesOfType_Vcc_PINFEED" rev="23">
<attrib name="value" value="109"/></item>
</group>
<group name="SiteStatistics">
<item name="BUFG-BUFGMUX" rev="23">
<attrib name="value" value="2"/></item>
<item name="IOB-IOBM" rev="23">
<attrib name="value" value="7"/></item>
<item name="IOB-IOBS" rev="23">
<attrib name="value" value="8"/></item>
<item name="SLICEL-SLICEM" rev="23">
<attrib name="value" value="11"/></item>
<item name="SLICEX-SLICEL" rev="23">
<attrib name="value" value="11"/></item>
<item name="SLICEX-SLICEM" rev="23">
<attrib name="value" value="14"/></item>
</group>
<group name="MiscellaneousStatistics">
<item name="AGG_BONDED_IO" rev="24">
<attrib name="value" value="15"/></item>
<item name="AGG_IO" rev="24">
<attrib name="value" value="15"/></item>
<item name="AGG_LOCED_IO" rev="24">
<attrib name="value" value="15"/></item>
<item name="AGG_SLICE" rev="24">
<attrib name="value" value="76"/></item>
<item name="NUM_BONDED_IOB" rev="24">
<attrib name="value" value="15"/></item>
<item name="NUM_BSFULL" rev="24">
<attrib name="value" value="115"/></item>
<item name="NUM_BSLUTONLY" rev="24">
<attrib name="value" value="98"/></item>
<item name="NUM_BSREGONLY" rev="24">
<attrib name="value" value="25"/></item>
<item name="NUM_BSUSED" rev="24">
<attrib name="value" value="238"/></item>
<item name="NUM_BUFG" rev="24">
<attrib name="value" value="2"/></item>
<item name="NUM_DPRAM_O5ANDO6" rev="24">
<attrib name="value" value="8"/></item>
<item name="NUM_DPRAM_O6ONLY" rev="24">
<attrib name="value" value="8"/></item>
<item name="NUM_DSP48A1" rev="24">
<attrib name="value" value="1"/></item>
<item name="NUM_LOCED_IOB" rev="24">
<attrib name="value" value="15"/></item>
<item name="NUM_LOGIC_O5ANDO6" rev="24">
<attrib name="value" value="49"/></item>
<item name="NUM_LOGIC_O5ONLY" rev="24">
<attrib name="value" value="39"/></item>
<item name="NUM_LOGIC_O6ONLY" rev="24">
<attrib name="value" value="105"/></item>
<item name="NUM_LUT_RT_DRIVES_CARRY4" rev="24">
<attrib name="value" value="2"/></item>
<item name="NUM_LUT_RT_DRIVES_FLOP" rev="24">
<attrib name="value" value="2"/></item>
<item name="NUM_LUT_RT_EXO5" rev="24">
<attrib name="value" value="2"/></item>
<item name="NUM_LUT_RT_EXO6" rev="24">
<attrib name="value" value="2"/></item>
<item name="NUM_LUT_RT_O6" rev="24">
<attrib name="value" value="39"/></item>
<item name="NUM_SLICEL" rev="24">
<attrib name="value" value="14"/></item>
<item name="NUM_SLICEM" rev="24">
<attrib name="value" value="4"/></item>
<item name="NUM_SLICEX" rev="24">
<attrib name="value" value="58"/></item>
<item name="NUM_SLICE_CARRY4" rev="24">
<attrib name="value" value="11"/></item>
<item name="NUM_SLICE_CONTROLSET" rev="24">
<attrib name="value" value="22"/></item>
<item name="NUM_SLICE_CYINIT" rev="24">
<attrib name="value" value="311"/></item>
<item name="NUM_SLICE_F7MUX" rev="24">
<attrib name="value" value="3"/></item>
<item name="NUM_SLICE_FF" rev="24">
<attrib name="value" value="161"/></item>
<item name="NUM_SLICE_UNUSEDCTRL" rev="24">
<attrib name="value" value="20"/></item>
<item name="NUM_UNUSABLE_FF_BELS" rev="24">
<attrib name="value" value="95"/></item>
</group>
</DesignStatistics>
<ReportConfigData TimeStamp="Fri Apr 14 19:18:24 2017"><group name="DSP48A1">
<item name="CEA" rev="23">
<attrib name="CEA_INV" value="0"/><attrib name="CEA" value="2"/></item>
<item name="CEB" rev="23">
<attrib name="CEB_INV" value="0"/><attrib name="CEB" value="2"/></item>
<item name="CEC" rev="23">
<attrib name="CEC" value="2"/><attrib name="CEC_INV" value="0"/></item>
<item name="CECARRYIN" rev="23">
<attrib name="CECARRYIN_INV" value="0"/><attrib name="CECARRYIN" value="2"/></item>
<item name="CED" rev="23">
<attrib name="CED_INV" value="0"/><attrib name="CED" value="2"/></item>
<item name="CEM" rev="23">
<attrib name="CEM_INV" value="0"/><attrib name="CEM" value="2"/></item>
<item name="CEOPMODE" rev="23">
<attrib name="CEOPMODE_INV" value="0"/><attrib name="CEOPMODE" value="2"/></item>
<item name="CEP" rev="23">
<attrib name="CEP" value="2"/><attrib name="CEP_INV" value="0"/></item>
<item name="CLK" rev="23">
<attrib name="CLK" value="2"/><attrib name="CLK_INV" value="0"/></item>
<item name="RSTA" rev="23">
<attrib name="RSTA" value="2"/><attrib name="RSTA_INV" value="0"/></item>
<item name="RSTB" rev="23">
<attrib name="RSTB" value="2"/><attrib name="RSTB_INV" value="0"/></item>
<item name="RSTC" rev="23">
<attrib name="RSTC_INV" value="0"/><attrib name="RSTC" value="2"/></item>
<item name="RSTCARRYIN" rev="23">
<attrib name="RSTCARRYIN_INV" value="0"/><attrib name="RSTCARRYIN" value="2"/></item>
<item name="RSTD" rev="23">
<attrib name="RSTD_INV" value="0"/><attrib name="RSTD" value="2"/></item>
<item name="RSTM" rev="23">
<attrib name="RSTM" value="2"/><attrib name="RSTM_INV" value="0"/></item>
<item name="RSTOPMODE" rev="23">
<attrib name="RSTOPMODE_INV" value="0"/><attrib name="RSTOPMODE" value="2"/></item>
<item name="RSTP" rev="23">
<attrib name="RSTP_INV" value="0"/><attrib name="RSTP" value="2"/></item>
</group>
<group name="REG_SR">
<item name="CK" rev="23">
<attrib name="CK" value="132"/><attrib name="CK_INV" value="0"/></item>
<item name="LATCH_OR_FF" rev="23">
<attrib name="FF" value="132"/></item>
<item name="SRINIT" rev="23">
<attrib name="SRINIT0" value="129"/><attrib name="SRINIT1" value="3"/></item>
<item name="SYNC_ATTR" rev="23">
<attrib name="ASYNC" value="99"/><attrib name="SYNC" value="33"/></item>
</group>
<group name="LUT_OR_MEM5">
<item name="CLK" rev="23">
<attrib name="CLK" value="8"/><attrib name="CLK_INV" value="0"/></item>
<item name="LUT_OR_MEM" rev="23">
<attrib name="RAM" value="8"/></item>
<item name="RAMMODE" rev="23">
<attrib name="DPRAM32" value="8"/></item>
</group>
<group name="LUT_OR_MEM6">
<item name="CLK" rev="23">
<attrib name="CLK" value="16"/><attrib name="CLK_INV" value="0"/></item>
<item name="LUT_OR_MEM" rev="23">
<attrib name="RAM" value="16"/></item>
<item name="RAMMODE" rev="23">
<attrib name="DPRAM32" value="8"/><attrib name="DPRAM64" value="8"/></item>
</group>
<group name="DSP48A1_DSP48A1">
<item name="A0REG" rev="23">
<attrib name="0" value="2"/></item>
<item name="A1REG" rev="23">
<attrib name="0" value="2"/></item>
<item name="B0REG" rev="23">
<attrib name="0" value="2"/></item>
<item name="B1REG" rev="23">
<attrib name="0" value="2"/></item>
<item name="B_INPUT" rev="23">
<attrib name="DIRECT" value="2"/></item>
<item name="CARRYINREG" rev="23">
<attrib name="0" value="2"/></item>
<item name="CARRYINSEL" rev="23">
<attrib name="OPMODE5" value="2"/></item>
<item name="CARRYOUTREG" rev="23">
<attrib name="0" value="1"/><attrib name="1" value="1"/></item>
<item name="CEA" rev="23">
<attrib name="CEA_INV" value="0"/><attrib name="CEA" value="2"/></item>
<item name="CEB" rev="23">
<attrib name="CEB_INV" value="0"/><attrib name="CEB" value="2"/></item>
<item name="CEC" rev="23">
<attrib name="CEC" value="2"/><attrib name="CEC_INV" value="0"/></item>
<item name="CECARRYIN" rev="23">
<attrib name="CECARRYIN_INV" value="0"/><attrib name="CECARRYIN" value="2"/></item>
<item name="CED" rev="23">
<attrib name="CED_INV" value="0"/><attrib name="CED" value="2"/></item>
<item name="CEM" rev="23">
<attrib name="CEM_INV" value="0"/><attrib name="CEM" value="2"/></item>
<item name="CEOPMODE" rev="23">
<attrib name="CEOPMODE_INV" value="0"/><attrib name="CEOPMODE" value="2"/></item>
<item name="CEP" rev="23">
<attrib name="CEP" value="2"/><attrib name="CEP_INV" value="0"/></item>
<item name="CLK" rev="23">
<attrib name="CLK" value="2"/><attrib name="CLK_INV" value="0"/></item>
<item name="CREG" rev="23">
<attrib name="0" value="1"/><attrib name="1" value="1"/></item>
<item name="DREG" rev="23">
<attrib name="0" value="2"/></item>
<item name="MREG" rev="23">
<attrib name="0" value="2"/></item>
<item name="OPMODEREG" rev="23">
<attrib name="0" value="2"/></item>
<item name="PREG" rev="23">
<attrib name="0" value="2"/></item>
<item name="RSTA" rev="23">
<attrib name="RSTA" value="2"/><attrib name="RSTA_INV" value="0"/></item>
<item name="RSTB" rev="23">
<attrib name="RSTB" value="2"/><attrib name="RSTB_INV" value="0"/></item>
<item name="RSTC" rev="23">
<attrib name="RSTC_INV" value="0"/><attrib name="RSTC" value="2"/></item>
<item name="RSTCARRYIN" rev="23">
<attrib name="RSTCARRYIN_INV" value="0"/><attrib name="RSTCARRYIN" value="2"/></item>
<item name="RSTD" rev="23">
<attrib name="RSTD_INV" value="0"/><attrib name="RSTD" value="2"/></item>
<item name="RSTM" rev="23">
<attrib name="RSTM" value="2"/><attrib name="RSTM_INV" value="0"/></item>
<item name="RSTOPMODE" rev="23">
<attrib name="RSTOPMODE_INV" value="0"/><attrib name="RSTOPMODE" value="2"/></item>
<item name="RSTP" rev="23">
<attrib name="RSTP_INV" value="0"/><attrib name="RSTP" value="2"/></item>
<item name="RSTTYPE" rev="23">
<attrib name="SYNC" value="2"/></item>
</group>
<group name="SLICEL">
<item name="CLK" rev="23">
<attrib name="CLK" value="13"/><attrib name="CLK_INV" value="0"/></item>
</group>
<group name="SLICEM">
<item name="CLK" rev="23">
<attrib name="CLK" value="4"/><attrib name="CLK_INV" value="0"/></item>
</group>
<group name="IOB_OUTBUF">
<item name="DRIVEATTRBOX" rev="23">
<attrib name="8" value="12"/></item>
<item name="SLEW" rev="23">
<attrib name="FAST" value="12"/></item>
<item name="SUSPEND" rev="23">
<attrib name="3STATE" value="12"/></item>
</group>
<group name="SLICEX">
<item name="CLK" rev="23">
<attrib name="CLK" value="39"/><attrib name="CLK_INV" value="0"/></item>
</group>
<group name="PULL_OR_KEEP1">
<item name="PULLTYPE" rev="23">
<attrib name="PULLUP" value="1"/></item>
</group>
<group name="FF_SR">
<item name="CK" rev="23">
<attrib name="CK" value="29"/><attrib name="CK_INV" value="0"/></item>
<item name="SRINIT" rev="23">
<attrib name="SRINIT0" value="28"/><attrib name="SRINIT1" value="1"/></item>
<item name="SYNC_ATTR" rev="23">
<attrib name="ASYNC" value="24"/><attrib name="SYNC" value="5"/></item>
</group>
</ReportConfigData>
<ReportPinData TimeStamp="Fri Apr 14 19:18:24 2017"><group name="DSP48A1">
<item name="A0" rev="23">
<attrib name="value" value="2"/></item>
<item name="A1" rev="23">
<attrib name="value" value="2"/></item>
<item name="A10" rev="23">
<attrib name="value" value="2"/></item>
<item name="A11" rev="23">
<attrib name="value" value="2"/></item>
<item name="A12" rev="23">
<attrib name="value" value="2"/></item>
<item name="A13" rev="23">
<attrib name="value" value="2"/></item>
<item name="A14" rev="23">
<attrib name="value" value="2"/></item>
<item name="A15" rev="23">
<attrib name="value" value="2"/></item>
<item name="A16" rev="23">
<attrib name="value" value="2"/></item>
<item name="A17" rev="23">
<attrib name="value" value="2"/></item>
<item name="A2" rev="23">
<attrib name="value" value="2"/></item>
<item name="A3" rev="23">
<attrib name="value" value="2"/></item>
<item name="A4" rev="23">
<attrib name="value" value="2"/></item>
<item name="A5" rev="23">
<attrib name="value" value="2"/></item>
<item name="A6" rev="23">
<attrib name="value" value="2"/></item>
<item name="A7" rev="23">
<attrib name="value" value="2"/></item>
<item name="A8" rev="23">
<attrib name="value" value="2"/></item>
<item name="A9" rev="23">
<attrib name="value" value="2"/></item>
<item name="B0" rev="23">
<attrib name="value" value="2"/></item>
<item name="B1" rev="23">
<attrib name="value" value="2"/></item>
<item name="B10" rev="23">
<attrib name="value" value="2"/></item>
<item name="B11" rev="23">
<attrib name="value" value="2"/></item>
<item name="B12" rev="23">
<attrib name="value" value="2"/></item>
<item name="B13" rev="23">
<attrib name="value" value="2"/></item>
<item name="B14" rev="23">
<attrib name="value" value="2"/></item>
<item name="B15" rev="23">
<attrib name="value" value="2"/></item>
<item name="B16" rev="23">
<attrib name="value" value="2"/></item>
<item name="B17" rev="23">
<attrib name="value" value="2"/></item>
<item name="B2" rev="23">
<attrib name="value" value="2"/></item>
<item name="B3" rev="23">
<attrib name="value" value="2"/></item>
<item name="B4" rev="23">
<attrib name="value" value="2"/></item>
<item name="B5" rev="23">
<attrib name="value" value="2"/></item>
<item name="B6" rev="23">
<attrib name="value" value="2"/></item>
<item name="B7" rev="23">
<attrib name="value" value="2"/></item>
<item name="B8" rev="23">
<attrib name="value" value="2"/></item>
<item name="B9" rev="23">
<attrib name="value" value="2"/></item>
<item name="C0" rev="23">
<attrib name="value" value="2"/></item>
<item name="C1" rev="23">
<attrib name="value" value="2"/></item>
<item name="C10" rev="23">
<attrib name="value" value="2"/></item>
<item name="C11" rev="23">
<attrib name="value" value="2"/></item>
<item name="C12" rev="23">
<attrib name="value" value="2"/></item>
<item name="C13" rev="23">
<attrib name="value" value="2"/></item>
<item name="C14" rev="23">
<attrib name="value" value="2"/></item>
<item name="C15" rev="23">
<attrib name="value" value="2"/></item>
<item name="C16" rev="23">
<attrib name="value" value="2"/></item>
<item name="C17" rev="23">
<attrib name="value" value="2"/></item>
<item name="C18" rev="23">
<attrib name="value" value="2"/></item>
<item name="C19" rev="23">
<attrib name="value" value="2"/></item>
<item name="C2" rev="23">
<attrib name="value" value="2"/></item>
<item name="C20" rev="23">
<attrib name="value" value="2"/></item>
<item name="C21" rev="23">
<attrib name="value" value="2"/></item>
<item name="C22" rev="23">
<attrib name="value" value="2"/></item>
<item name="C23" rev="23">
<attrib name="value" value="2"/></item>
<item name="C24" rev="23">
<attrib name="value" value="2"/></item>
<item name="C25" rev="23">
<attrib name="value" value="2"/></item>
<item name="C26" rev="23">
<attrib name="value" value="2"/></item>
<item name="C27" rev="23">
<attrib name="value" value="2"/></item>
<item name="C28" rev="23">
<attrib name="value" value="2"/></item>
<item name="C29" rev="23">
<attrib name="value" value="2"/></item>
<item name="C3" rev="23">
<attrib name="value" value="2"/></item>
<item name="C30" rev="23">
<attrib name="value" value="2"/></item>
<item name="C31" rev="23">
<attrib name="value" value="2"/></item>
<item name="C32" rev="23">
<attrib name="value" value="2"/></item>
<item name="C33" rev="23">
<attrib name="value" value="2"/></item>
<item name="C34" rev="23">
<attrib name="value" value="2"/></item>
<item name="C35" rev="23">
<attrib name="value" value="2"/></item>
<item name="C36" rev="23">
<attrib name="value" value="2"/></item>
<item name="C37" rev="23">
<attrib name="value" value="2"/></item>
<item name="C38" rev="23">
<attrib name="value" value="2"/></item>
<item name="C39" rev="23">
<attrib name="value" value="2"/></item>
<item name="C4" rev="23">
<attrib name="value" value="2"/></item>
<item name="C40" rev="23">
<attrib name="value" value="2"/></item>
<item name="C41" rev="23">
<attrib name="value" value="2"/></item>
<item name="C42" rev="23">
<attrib name="value" value="2"/></item>
<item name="C43" rev="23">
<attrib name="value" value="2"/></item>
<item name="C44" rev="23">
<attrib name="value" value="2"/></item>
<item name="C45" rev="23">
<attrib name="value" value="2"/></item>
<item name="C46" rev="23">
<attrib name="value" value="2"/></item>
<item name="C47" rev="23">
<attrib name="value" value="2"/></item>
<item name="C5" rev="23">
<attrib name="value" value="2"/></item>
<item name="C6" rev="23">
<attrib name="value" value="2"/></item>
<item name="C7" rev="23">
<attrib name="value" value="2"/></item>
<item name="C8" rev="23">
<attrib name="value" value="2"/></item>
<item name="C9" rev="23">
<attrib name="value" value="2"/></item>
<item name="CEA" rev="23">
<attrib name="value" value="2"/></item>
<item name="CEB" rev="23">
<attrib name="value" value="2"/></item>
<item name="CEC" rev="23">
<attrib name="value" value="2"/></item>
<item name="CECARRYIN" rev="23">
<attrib name="value" value="2"/></item>
<item name="CED" rev="23">
<attrib name="value" value="2"/></item>
<item name="CEM" rev="23">
<attrib name="value" value="2"/></item>
<item name="CEOPMODE" rev="23">
<attrib name="value" value="2"/></item>
<item name="CEP" rev="23">
<attrib name="value" value="2"/></item>
<item name="CLK" rev="23">
<attrib name="value" value="2"/></item>
<item name="D0" rev="23">
<attrib name="value" value="2"/></item>
<item name="D1" rev="23">
<attrib name="value" value="2"/></item>
<item name="D10" rev="23">
<attrib name="value" value="2"/></item>
<item name="D11" rev="23">
<attrib name="value" value="2"/></item>
<item name="D12" rev="23">
<attrib name="value" value="2"/></item>
<item name="D13" rev="23">
<attrib name="value" value="2"/></item>
<item name="D14" rev="23">
<attrib name="value" value="2"/></item>
<item name="D15" rev="23">
<attrib name="value" value="2"/></item>
<item name="D16" rev="23">
<attrib name="value" value="2"/></item>
<item name="D17" rev="23">
<attrib name="value" value="2"/></item>
<item name="D2" rev="23">
<attrib name="value" value="2"/></item>
<item name="D3" rev="23">
<attrib name="value" value="2"/></item>
<item name="D4" rev="23">
<attrib name="value" value="2"/></item>
<item name="D5" rev="23">
<attrib name="value" value="2"/></item>
<item name="D6" rev="23">
<attrib name="value" value="2"/></item>
<item name="D7" rev="23">
<attrib name="value" value="2"/></item>
<item name="D8" rev="23">
<attrib name="value" value="2"/></item>
<item name="D9" rev="23">
<attrib name="value" value="2"/></item>
<item name="OPMODE0" rev="23">
<attrib name="value" value="2"/></item>
<item name="OPMODE1" rev="23">
<attrib name="value" value="2"/></item>
<item name="OPMODE2" rev="23">
<attrib name="value" value="2"/></item>
<item name="OPMODE3" rev="23">
<attrib name="value" value="2"/></item>
<item name="OPMODE4" rev="23">
<attrib name="value" value="2"/></item>
<item name="OPMODE5" rev="23">
<attrib name="value" value="2"/></item>
<item name="OPMODE6" rev="23">
<attrib name="value" value="2"/></item>
<item name="OPMODE7" rev="23">
<attrib name="value" value="2"/></item>
<item name="P0" rev="23">
<attrib name="value" value="1"/></item>
<item name="P1" rev="23">
<attrib name="value" value="1"/></item>
<item name="P2" rev="23">
<attrib name="value" value="1"/></item>
<item name="P3" rev="23">
<attrib name="value" value="1"/></item>
<item name="P4" rev="23">
<attrib name="value" value="1"/></item>
<item name="P5" rev="23">
<attrib name="value" value="1"/></item>
<item name="P6" rev="23">
<attrib name="value" value="1"/></item>
<item name="P7" rev="23">
<attrib name="value" value="1"/></item>
<item name="P8" rev="23">
<attrib name="value" value="1"/></item>
<item name="P9" rev="23">
<attrib name="value" value="1"/></item>
<item name="PCIN0" rev="23">
<attrib name="value" value="1"/></item>
<item name="PCIN1" rev="23">
<attrib name="value" value="1"/></item>
<item name="PCIN10" rev="23">
<attrib name="value" value="1"/></item>
<item name="PCIN11" rev="23">
<attrib name="value" value="1"/></item>
<item name="PCIN12" rev="23">
<attrib name="value" value="1"/></item>
<item name="PCIN13" rev="23">
<attrib name="value" value="1"/></item>
<item name="PCIN14" rev="23">
<attrib name="value" value="1"/></item>
<item name="PCIN15" rev="23">
<attrib name="value" value="1"/></item>
<item name="PCIN16" rev="23">
<attrib name="value" value="1"/></item>
<item name="PCIN17" rev="23">
<attrib name="value" value="1"/></item>
<item name="PCIN18" rev="23">
<attrib name="value" value="1"/></item>
<item name="PCIN19" rev="23">
<attrib name="value" value="1"/></item>
<item name="PCIN2" rev="23">
<attrib name="value" value="1"/></item>
<item name="PCIN20" rev="23">
<attrib name="value" value="1"/></item>
<item name="PCIN21" rev="23">
<attrib name="value" value="1"/></item>
<item name="PCIN22" rev="23">
<attrib name="value" value="1"/></item>
<item name="PCIN23" rev="23">
<attrib name="value" value="1"/></item>
<item name="PCIN24" rev="23">
<attrib name="value" value="1"/></item>
<item name="PCIN25" rev="23">
<attrib name="value" value="1"/></item>
<item name="PCIN26" rev="23">
<attrib name="value" value="1"/></item>
<item name="PCIN27" rev="23">
<attrib name="value" value="1"/></item>
<item name="PCIN28" rev="23">
<attrib name="value" value="1"/></item>
<item name="PCIN29" rev="23">
<attrib name="value" value="1"/></item>
<item name="PCIN3" rev="23">
<attrib name="value" value="1"/></item>
<item name="PCIN30" rev="23">
<attrib name="value" value="1"/></item>
<item name="PCIN31" rev="23">
<attrib name="value" value="1"/></item>
<item name="PCIN32" rev="23">
<attrib name="value" value="1"/></item>
<item name="PCIN33" rev="23">
<attrib name="value" value="1"/></item>
<item name="PCIN34" rev="23">
<attrib name="value" value="1"/></item>
<item name="PCIN35" rev="23">
<attrib name="value" value="1"/></item>
<item name="PCIN36" rev="23">
<attrib name="value" value="1"/></item>
<item name="PCIN37" rev="23">
<attrib name="value" value="1"/></item>
<item name="PCIN38" rev="23">
<attrib name="value" value="1"/></item>
<item name="PCIN39" rev="23">
<attrib name="value" value="1"/></item>
<item name="PCIN4" rev="23">
<attrib name="value" value="1"/></item>
<item name="PCIN40" rev="23">
<attrib name="value" value="1"/></item>
<item name="PCIN41" rev="23">
<attrib name="value" value="1"/></item>
<item name="PCIN42" rev="23">
<attrib name="value" value="1"/></item>
<item name="PCIN43" rev="23">
<attrib name="value" value="1"/></item>
<item name="PCIN44" rev="23">
<attrib name="value" value="1"/></item>
<item name="PCIN45" rev="23">
<attrib name="value" value="1"/></item>
<item name="PCIN46" rev="23">
<attrib name="value" value="1"/></item>
<item name="PCIN47" rev="23">
<attrib name="value" value="1"/></item>
<item name="PCIN5" rev="23">
<attrib name="value" value="1"/></item>
<item name="PCIN6" rev="23">
<attrib name="value" value="1"/></item>
<item name="PCIN7" rev="23">
<attrib name="value" value="1"/></item>
<item name="PCIN8" rev="23">
<attrib name="value" value="1"/></item>
<item name="PCIN9" rev="23">
<attrib name="value" value="1"/></item>
<item name="PCOUT0" rev="23">
<attrib name="value" value="1"/></item>
<item name="PCOUT1" rev="23">
<attrib name="value" value="1"/></item>
<item name="PCOUT10" rev="23">
<attrib name="value" value="1"/></item>
<item name="PCOUT11" rev="23">
<attrib name="value" value="1"/></item>
<item name="PCOUT12" rev="23">
<attrib name="value" value="1"/></item>
<item name="PCOUT13" rev="23">
<attrib name="value" value="1"/></item>
<item name="PCOUT14" rev="23">
<attrib name="value" value="1"/></item>
<item name="PCOUT15" rev="23">
<attrib name="value" value="1"/></item>
<item name="PCOUT16" rev="23">
<attrib name="value" value="1"/></item>
<item name="PCOUT17" rev="23">
<attrib name="value" value="1"/></item>
<item name="PCOUT18" rev="23">
<attrib name="value" value="1"/></item>
<item name="PCOUT19" rev="23">
<attrib name="value" value="1"/></item>
<item name="PCOUT2" rev="23">
<attrib name="value" value="1"/></item>
<item name="PCOUT20" rev="23">
<attrib name="value" value="1"/></item>
<item name="PCOUT21" rev="23">
<attrib name="value" value="1"/></item>
<item name="PCOUT22" rev="23">
<attrib name="value" value="1"/></item>
<item name="PCOUT23" rev="23">
<attrib name="value" value="1"/></item>
<item name="PCOUT24" rev="23">
<attrib name="value" value="1"/></item>
<item name="PCOUT25" rev="23">
<attrib name="value" value="1"/></item>
<item name="PCOUT26" rev="23">
<attrib name="value" value="1"/></item>
<item name="PCOUT27" rev="23">
<attrib name="value" value="1"/></item>
<item name="PCOUT28" rev="23">
<attrib name="value" value="1"/></item>
<item name="PCOUT29" rev="23">
<attrib name="value" value="1"/></item>
<item name="PCOUT3" rev="23">
<attrib name="value" value="1"/></item>
<item name="PCOUT30" rev="23">
<attrib name="value" value="1"/></item>
<item name="PCOUT31" rev="23">
<attrib name="value" value="1"/></item>
<item name="PCOUT32" rev="23">
<attrib name="value" value="1"/></item>
<item name="PCOUT33" rev="23">
<attrib name="value" value="1"/></item>
<item name="PCOUT34" rev="23">
<attrib name="value" value="1"/></item>
<item name="PCOUT35" rev="23">
<attrib name="value" value="1"/></item>
<item name="PCOUT36" rev="23">
<attrib name="value" value="1"/></item>
<item name="PCOUT37" rev="23">
<attrib name="value" value="1"/></item>
<item name="PCOUT38" rev="23">
<attrib name="value" value="1"/></item>
<item name="PCOUT39" rev="23">
<attrib name="value" value="1"/></item>
<item name="PCOUT4" rev="23">
<attrib name="value" value="1"/></item>
<item name="PCOUT40" rev="23">
<attrib name="value" value="1"/></item>
<item name="PCOUT41" rev="23">
<attrib name="value" value="1"/></item>
<item name="PCOUT42" rev="23">
<attrib name="value" value="1"/></item>
<item name="PCOUT43" rev="23">
<attrib name="value" value="1"/></item>
<item name="PCOUT44" rev="23">
<attrib name="value" value="1"/></item>
<item name="PCOUT45" rev="23">
<attrib name="value" value="1"/></item>
<item name="PCOUT46" rev="23">
<attrib name="value" value="1"/></item>
<item name="PCOUT47" rev="23">
<attrib name="value" value="1"/></item>
<item name="PCOUT5" rev="23">
<attrib name="value" value="1"/></item>
<item name="PCOUT6" rev="23">
<attrib name="value" value="1"/></item>
<item name="PCOUT7" rev="23">
<attrib name="value" value="1"/></item>
<item name="PCOUT8" rev="23">
<attrib name="value" value="1"/></item>
<item name="PCOUT9" rev="23">
<attrib name="value" value="1"/></item>
<item name="RSTA" rev="23">
<attrib name="value" value="2"/></item>
<item name="RSTB" rev="23">
<attrib name="value" value="2"/></item>
<item name="RSTC" rev="23">
<attrib name="value" value="2"/></item>
<item name="RSTCARRYIN" rev="23">
<attrib name="value" value="2"/></item>
<item name="RSTD" rev="23">
<attrib name="value" value="2"/></item>
<item name="RSTM" rev="23">
<attrib name="value" value="2"/></item>
<item name="RSTOPMODE" rev="23">
<attrib name="value" value="2"/></item>
<item name="RSTP" rev="23">
<attrib name="value" value="2"/></item>
</group>
<group name="REG_SR">
<item name="CE" rev="23">
<attrib name="value" value="92"/></item>
<item name="CK" rev="23">
<attrib name="value" value="132"/></item>
<item name="D" rev="23">
<attrib name="value" value="132"/></item>
<item name="Q" rev="23">
<attrib name="value" value="132"/></item>
<item name="SR" rev="23">
<attrib name="value" value="117"/></item>
</group>
<group name="LUT_OR_MEM5">
<item name="A1" rev="23">
<attrib name="value" value="8"/></item>
<item name="A2" rev="23">
<attrib name="value" value="8"/></item>
<item name="A3" rev="23">
<attrib name="value" value="8"/></item>
<item name="A4" rev="23">
<attrib name="value" value="8"/></item>
<item name="A5" rev="23">
<attrib name="value" value="8"/></item>
<item name="CLK" rev="23">
<attrib name="value" value="8"/></item>
<item name="DI1" rev="23">
<attrib name="value" value="8"/></item>
<item name="O5" rev="23">
<attrib name="value" value="8"/></item>
<item name="WA1" rev="23">
<attrib name="value" value="8"/></item>
<item name="WA2" rev="23">
<attrib name="value" value="8"/></item>
<item name="WA3" rev="23">
<attrib name="value" value="8"/></item>
<item name="WA4" rev="23">
<attrib name="value" value="8"/></item>
<item name="WA5" rev="23">
<attrib name="value" value="8"/></item>
<item name="WE" rev="23">
<attrib name="value" value="8"/></item>
</group>
<group name="LUT_OR_MEM6">
<item name="A1" rev="23">
<attrib name="value" value="16"/></item>
<item name="A2" rev="23">
<attrib name="value" value="16"/></item>
<item name="A3" rev="23">
<attrib name="value" value="16"/></item>
<item name="A4" rev="23">
<attrib name="value" value="16"/></item>
<item name="A5" rev="23">
<attrib name="value" value="16"/></item>
<item name="A6" rev="23">
<attrib name="value" value="16"/></item>
<item name="CLK" rev="23">
<attrib name="value" value="16"/></item>
<item name="DI1" rev="23">
<attrib name="value" value="8"/></item>
<item name="DI2" rev="23">
<attrib name="value" value="8"/></item>
<item name="O6" rev="23">
<attrib name="value" value="10"/></item>
<item name="WA1" rev="23">
<attrib name="value" value="16"/></item>
<item name="WA2" rev="23">
<attrib name="value" value="16"/></item>
<item name="WA3" rev="23">
<attrib name="value" value="16"/></item>
<item name="WA4" rev="23">
<attrib name="value" value="16"/></item>
<item name="WA5" rev="23">
<attrib name="value" value="16"/></item>
<item name="WA6" rev="23">
<attrib name="value" value="16"/></item>
<item name="WE" rev="23">
<attrib name="value" value="16"/></item>
</group>
<group name="DSP48A1_DSP48A1">
<item name="A0" rev="23">
<attrib name="value" value="2"/></item>
<item name="A1" rev="23">
<attrib name="value" value="2"/></item>
<item name="A10" rev="23">
<attrib name="value" value="2"/></item>
<item name="A11" rev="23">
<attrib name="value" value="2"/></item>
<item name="A12" rev="23">
<attrib name="value" value="2"/></item>
<item name="A13" rev="23">
<attrib name="value" value="2"/></item>
<item name="A14" rev="23">
<attrib name="value" value="2"/></item>
<item name="A15" rev="23">
<attrib name="value" value="2"/></item>
<item name="A16" rev="23">
<attrib name="value" value="2"/></item>
<item name="A17" rev="23">
<attrib name="value" value="2"/></item>
<item name="A2" rev="23">
<attrib name="value" value="2"/></item>
<item name="A3" rev="23">
<attrib name="value" value="2"/></item>
<item name="A4" rev="23">
<attrib name="value" value="2"/></item>
<item name="A5" rev="23">
<attrib name="value" value="2"/></item>
<item name="A6" rev="23">
<attrib name="value" value="2"/></item>
<item name="A7" rev="23">
<attrib name="value" value="2"/></item>
<item name="A8" rev="23">
<attrib name="value" value="2"/></item>
<item name="A9" rev="23">
<attrib name="value" value="2"/></item>
<item name="B0" rev="23">
<attrib name="value" value="2"/></item>
<item name="B1" rev="23">
<attrib name="value" value="2"/></item>
<item name="B10" rev="23">
<attrib name="value" value="2"/></item>
<item name="B11" rev="23">
<attrib name="value" value="2"/></item>
<item name="B12" rev="23">
<attrib name="value" value="2"/></item>
<item name="B13" rev="23">
<attrib name="value" value="2"/></item>
<item name="B14" rev="23">
<attrib name="value" value="2"/></item>
<item name="B15" rev="23">
<attrib name="value" value="2"/></item>
<item name="B16" rev="23">
<attrib name="value" value="2"/></item>
<item name="B17" rev="23">
<attrib name="value" value="2"/></item>
<item name="B2" rev="23">
<attrib name="value" value="2"/></item>
<item name="B3" rev="23">
<attrib name="value" value="2"/></item>
<item name="B4" rev="23">
<attrib name="value" value="2"/></item>
<item name="B5" rev="23">
<attrib name="value" value="2"/></item>
<item name="B6" rev="23">
<attrib name="value" value="2"/></item>
<item name="B7" rev="23">
<attrib name="value" value="2"/></item>
<item name="B8" rev="23">
<attrib name="value" value="2"/></item>
<item name="B9" rev="23">
<attrib name="value" value="2"/></item>
<item name="C0" rev="23">
<attrib name="value" value="2"/></item>
<item name="C1" rev="23">
<attrib name="value" value="2"/></item>
<item name="C10" rev="23">
<attrib name="value" value="2"/></item>
<item name="C11" rev="23">
<attrib name="value" value="2"/></item>
<item name="C12" rev="23">
<attrib name="value" value="2"/></item>
<item name="C13" rev="23">
<attrib name="value" value="2"/></item>
<item name="C14" rev="23">
<attrib name="value" value="2"/></item>
<item name="C15" rev="23">
<attrib name="value" value="2"/></item>
<item name="C16" rev="23">
<attrib name="value" value="2"/></item>
<item name="C17" rev="23">
<attrib name="value" value="2"/></item>
<item name="C18" rev="23">
<attrib name="value" value="2"/></item>
<item name="C19" rev="23">
<attrib name="value" value="2"/></item>
<item name="C2" rev="23">
<attrib name="value" value="2"/></item>
<item name="C20" rev="23">
<attrib name="value" value="2"/></item>
<item name="C21" rev="23">
<attrib name="value" value="2"/></item>
<item name="C22" rev="23">
<attrib name="value" value="2"/></item>
<item name="C23" rev="23">
<attrib name="value" value="2"/></item>
<item name="C24" rev="23">
<attrib name="value" value="2"/></item>
<item name="C25" rev="23">
<attrib name="value" value="2"/></item>
<item name="C26" rev="23">
<attrib name="value" value="2"/></item>
<item name="C27" rev="23">
<attrib name="value" value="2"/></item>
<item name="C28" rev="23">
<attrib name="value" value="2"/></item>
<item name="C29" rev="23">
<attrib name="value" value="2"/></item>
<item name="C3" rev="23">
<attrib name="value" value="2"/></item>
<item name="C30" rev="23">
<attrib name="value" value="2"/></item>
<item name="C31" rev="23">
<attrib name="value" value="2"/></item>
<item name="C32" rev="23">
<attrib name="value" value="2"/></item>
<item name="C33" rev="23">
<attrib name="value" value="2"/></item>
<item name="C34" rev="23">
<attrib name="value" value="2"/></item>
<item name="C35" rev="23">
<attrib name="value" value="2"/></item>
<item name="C36" rev="23">
<attrib name="value" value="2"/></item>
<item name="C37" rev="23">
<attrib name="value" value="2"/></item>
<item name="C38" rev="23">
<attrib name="value" value="2"/></item>
<item name="C39" rev="23">
<attrib name="value" value="2"/></item>
<item name="C4" rev="23">
<attrib name="value" value="2"/></item>
<item name="C40" rev="23">
<attrib name="value" value="2"/></item>
<item name="C41" rev="23">
<attrib name="value" value="2"/></item>
<item name="C42" rev="23">
<attrib name="value" value="2"/></item>
<item name="C43" rev="23">
<attrib name="value" value="2"/></item>
<item name="C44" rev="23">
<attrib name="value" value="2"/></item>
<item name="C45" rev="23">
<attrib name="value" value="2"/></item>
<item name="C46" rev="23">
<attrib name="value" value="2"/></item>
<item name="C47" rev="23">
<attrib name="value" value="2"/></item>
<item name="C5" rev="23">
<attrib name="value" value="2"/></item>
<item name="C6" rev="23">
<attrib name="value" value="2"/></item>
<item name="C7" rev="23">
<attrib name="value" value="2"/></item>
<item name="C8" rev="23">
<attrib name="value" value="2"/></item>
<item name="C9" rev="23">
<attrib name="value" value="2"/></item>
<item name="CEA" rev="23">
<attrib name="value" value="2"/></item>
<item name="CEB" rev="23">
<attrib name="value" value="2"/></item>
<item name="CEC" rev="23">
<attrib name="value" value="2"/></item>
<item name="CECARRYIN" rev="23">
<attrib name="value" value="2"/></item>
<item name="CED" rev="23">
<attrib name="value" value="2"/></item>
<item name="CEM" rev="23">
<attrib name="value" value="2"/></item>
<item name="CEOPMODE" rev="23">
<attrib name="value" value="2"/></item>
<item name="CEP" rev="23">
<attrib name="value" value="2"/></item>
<item name="CLK" rev="23">
<attrib name="value" value="2"/></item>
<item name="D0" rev="23">
<attrib name="value" value="2"/></item>
<item name="D1" rev="23">
<attrib name="value" value="2"/></item>
<item name="D10" rev="23">
<attrib name="value" value="2"/></item>
<item name="D11" rev="23">
<attrib name="value" value="2"/></item>
<item name="D12" rev="23">
<attrib name="value" value="2"/></item>
<item name="D13" rev="23">
<attrib name="value" value="2"/></item>
<item name="D14" rev="23">
<attrib name="value" value="2"/></item>
<item name="D15" rev="23">
<attrib name="value" value="2"/></item>
<item name="D16" rev="23">
<attrib name="value" value="2"/></item>
<item name="D17" rev="23">
<attrib name="value" value="2"/></item>
<item name="D2" rev="23">
<attrib name="value" value="2"/></item>
<item name="D3" rev="23">
<attrib name="value" value="2"/></item>
<item name="D4" rev="23">
<attrib name="value" value="2"/></item>
<item name="D5" rev="23">
<attrib name="value" value="2"/></item>
<item name="D6" rev="23">
<attrib name="value" value="2"/></item>
<item name="D7" rev="23">
<attrib name="value" value="2"/></item>
<item name="D8" rev="23">
<attrib name="value" value="2"/></item>
<item name="D9" rev="23">
<attrib name="value" value="2"/></item>
<item name="OPMODE0" rev="23">
<attrib name="value" value="2"/></item>
<item name="OPMODE1" rev="23">
<attrib name="value" value="2"/></item>
<item name="OPMODE2" rev="23">
<attrib name="value" value="2"/></item>
<item name="OPMODE3" rev="23">
<attrib name="value" value="2"/></item>
<item name="OPMODE4" rev="23">
<attrib name="value" value="2"/></item>
<item name="OPMODE5" rev="23">
<attrib name="value" value="2"/></item>
<item name="OPMODE6" rev="23">
<attrib name="value" value="2"/></item>
<item name="OPMODE7" rev="23">
<attrib name="value" value="2"/></item>
<item name="P0" rev="23">
<attrib name="value" value="1"/></item>
<item name="P1" rev="23">
<attrib name="value" value="1"/></item>
<item name="P2" rev="23">
<attrib name="value" value="1"/></item>
<item name="P3" rev="23">
<attrib name="value" value="1"/></item>
<item name="P4" rev="23">
<attrib name="value" value="1"/></item>
<item name="P5" rev="23">
<attrib name="value" value="1"/></item>
<item name="P6" rev="23">
<attrib name="value" value="1"/></item>
<item name="P7" rev="23">
<attrib name="value" value="1"/></item>
<item name="P8" rev="23">
<attrib name="value" value="1"/></item>
<item name="P9" rev="23">
<attrib name="value" value="1"/></item>
<item name="PCIN0" rev="23">
<attrib name="value" value="1"/></item>
<item name="PCIN1" rev="23">
<attrib name="value" value="1"/></item>
<item name="PCIN10" rev="23">
<attrib name="value" value="1"/></item>
<item name="PCIN11" rev="23">
<attrib name="value" value="1"/></item>
<item name="PCIN12" rev="23">
<attrib name="value" value="1"/></item>
<item name="PCIN13" rev="23">
<attrib name="value" value="1"/></item>
<item name="PCIN14" rev="23">
<attrib name="value" value="1"/></item>
<item name="PCIN15" rev="23">
<attrib name="value" value="1"/></item>
<item name="PCIN16" rev="23">
<attrib name="value" value="1"/></item>
<item name="PCIN17" rev="23">
<attrib name="value" value="1"/></item>
<item name="PCIN18" rev="23">
<attrib name="value" value="1"/></item>
<item name="PCIN19" rev="23">
<attrib name="value" value="1"/></item>
<item name="PCIN2" rev="23">
<attrib name="value" value="1"/></item>
<item name="PCIN20" rev="23">
<attrib name="value" value="1"/></item>
<item name="PCIN21" rev="23">
<attrib name="value" value="1"/></item>
<item name="PCIN22" rev="23">
<attrib name="value" value="1"/></item>
<item name="PCIN23" rev="23">
<attrib name="value" value="1"/></item>
<item name="PCIN24" rev="23">
<attrib name="value" value="1"/></item>
<item name="PCIN25" rev="23">
<attrib name="value" value="1"/></item>
<item name="PCIN26" rev="23">
<attrib name="value" value="1"/></item>
<item name="PCIN27" rev="23">
<attrib name="value" value="1"/></item>
<item name="PCIN28" rev="23">
<attrib name="value" value="1"/></item>
<item name="PCIN29" rev="23">
<attrib name="value" value="1"/></item>
<item name="PCIN3" rev="23">
<attrib name="value" value="1"/></item>
<item name="PCIN30" rev="23">
<attrib name="value" value="1"/></item>
<item name="PCIN31" rev="23">
<attrib name="value" value="1"/></item>
<item name="PCIN32" rev="23">
<attrib name="value" value="1"/></item>
<item name="PCIN33" rev="23">
<attrib name="value" value="1"/></item>
<item name="PCIN34" rev="23">
<attrib name="value" value="1"/></item>
<item name="PCIN35" rev="23">
<attrib name="value" value="1"/></item>
<item name="PCIN36" rev="23">
<attrib name="value" value="1"/></item>
<item name="PCIN37" rev="23">
<attrib name="value" value="1"/></item>
<item name="PCIN38" rev="23">
<attrib name="value" value="1"/></item>
<item name="PCIN39" rev="23">
<attrib name="value" value="1"/></item>
<item name="PCIN4" rev="23">
<attrib name="value" value="1"/></item>
<item name="PCIN40" rev="23">
<attrib name="value" value="1"/></item>
<item name="PCIN41" rev="23">
<attrib name="value" value="1"/></item>
<item name="PCIN42" rev="23">
<attrib name="value" value="1"/></item>
<item name="PCIN43" rev="23">
<attrib name="value" value="1"/></item>
<item name="PCIN44" rev="23">
<attrib name="value" value="1"/></item>
<item name="PCIN45" rev="23">
<attrib name="value" value="1"/></item>
<item name="PCIN46" rev="23">
<attrib name="value" value="1"/></item>
<item name="PCIN47" rev="23">
<attrib name="value" value="1"/></item>
<item name="PCIN5" rev="23">
<attrib name="value" value="1"/></item>
<item name="PCIN6" rev="23">
<attrib name="value" value="1"/></item>
<item name="PCIN7" rev="23">
<attrib name="value" value="1"/></item>
<item name="PCIN8" rev="23">
<attrib name="value" value="1"/></item>
<item name="PCIN9" rev="23">
<attrib name="value" value="1"/></item>
<item name="PCOUT0" rev="23">
<attrib name="value" value="1"/></item>
<item name="PCOUT1" rev="23">
<attrib name="value" value="1"/></item>
<item name="PCOUT10" rev="23">
<attrib name="value" value="1"/></item>
<item name="PCOUT11" rev="23">
<attrib name="value" value="1"/></item>
<item name="PCOUT12" rev="23">
<attrib name="value" value="1"/></item>
<item name="PCOUT13" rev="23">
<attrib name="value" value="1"/></item>
<item name="PCOUT14" rev="23">
<attrib name="value" value="1"/></item>
<item name="PCOUT15" rev="23">
<attrib name="value" value="1"/></item>
<item name="PCOUT16" rev="23">
<attrib name="value" value="1"/></item>
<item name="PCOUT17" rev="23">
<attrib name="value" value="1"/></item>
<item name="PCOUT18" rev="23">
<attrib name="value" value="1"/></item>
<item name="PCOUT19" rev="23">
<attrib name="value" value="1"/></item>
<item name="PCOUT2" rev="23">
<attrib name="value" value="1"/></item>
<item name="PCOUT20" rev="23">
<attrib name="value" value="1"/></item>
<item name="PCOUT21" rev="23">
<attrib name="value" value="1"/></item>
<item name="PCOUT22" rev="23">
<attrib name="value" value="1"/></item>
<item name="PCOUT23" rev="23">
<attrib name="value" value="1"/></item>
<item name="PCOUT24" rev="23">
<attrib name="value" value="1"/></item>
<item name="PCOUT25" rev="23">
<attrib name="value" value="1"/></item>
<item name="PCOUT26" rev="23">
<attrib name="value" value="1"/></item>
<item name="PCOUT27" rev="23">
<attrib name="value" value="1"/></item>
<item name="PCOUT28" rev="23">
<attrib name="value" value="1"/></item>
<item name="PCOUT29" rev="23">
<attrib name="value" value="1"/></item>
<item name="PCOUT3" rev="23">
<attrib name="value" value="1"/></item>
<item name="PCOUT30" rev="23">
<attrib name="value" value="1"/></item>
<item name="PCOUT31" rev="23">
<attrib name="value" value="1"/></item>
<item name="PCOUT32" rev="23">
<attrib name="value" value="1"/></item>
<item name="PCOUT33" rev="23">
<attrib name="value" value="1"/></item>
<item name="PCOUT34" rev="23">
<attrib name="value" value="1"/></item>
<item name="PCOUT35" rev="23">
<attrib name="value" value="1"/></item>
<item name="PCOUT36" rev="23">
<attrib name="value" value="1"/></item>
<item name="PCOUT37" rev="23">
<attrib name="value" value="1"/></item>
<item name="PCOUT38" rev="23">
<attrib name="value" value="1"/></item>
<item name="PCOUT39" rev="23">
<attrib name="value" value="1"/></item>
<item name="PCOUT4" rev="23">
<attrib name="value" value="1"/></item>
<item name="PCOUT40" rev="23">
<attrib name="value" value="1"/></item>
<item name="PCOUT41" rev="23">
<attrib name="value" value="1"/></item>
<item name="PCOUT42" rev="23">
<attrib name="value" value="1"/></item>
<item name="PCOUT43" rev="23">
<attrib name="value" value="1"/></item>
<item name="PCOUT44" rev="23">
<attrib name="value" value="1"/></item>
<item name="PCOUT45" rev="23">
<attrib name="value" value="1"/></item>
<item name="PCOUT46" rev="23">
<attrib name="value" value="1"/></item>
<item name="PCOUT47" rev="23">
<attrib name="value" value="1"/></item>
<item name="PCOUT5" rev="23">
<attrib name="value" value="1"/></item>
<item name="PCOUT6" rev="23">
<attrib name="value" value="1"/></item>
<item name="PCOUT7" rev="23">
<attrib name="value" value="1"/></item>
<item name="PCOUT8" rev="23">
<attrib name="value" value="1"/></item>
<item name="PCOUT9" rev="23">
<attrib name="value" value="1"/></item>
<item name="RSTA" rev="23">
<attrib name="value" value="2"/></item>
<item name="RSTB" rev="23">
<attrib name="value" value="2"/></item>
<item name="RSTC" rev="23">
<attrib name="value" value="2"/></item>
<item name="RSTCARRYIN" rev="23">
<attrib name="value" value="2"/></item>
<item name="RSTD" rev="23">
<attrib name="value" value="2"/></item>
<item name="RSTM" rev="23">
<attrib name="value" value="2"/></item>
<item name="RSTOPMODE" rev="23">
<attrib name="value" value="2"/></item>
<item name="RSTP" rev="23">
<attrib name="value" value="2"/></item>
</group>
<group name="SLICEL">
<item name="A" rev="23">
<attrib name="value" value="1"/></item>
<item name="A1" rev="23">
<attrib name="value" value="2"/></item>
<item name="A2" rev="23">
<attrib name="value" value="2"/></item>
<item name="A3" rev="23">
<attrib name="value" value="2"/></item>
<item name="A4" rev="23">
<attrib name="value" value="13"/></item>
<item name="A5" rev="23">
<attrib name="value" value="2"/></item>
<item name="A6" rev="23">
<attrib name="value" value="13"/></item>
<item name="AQ" rev="23">
<attrib name="value" value="12"/></item>
<item name="B" rev="23">
<attrib name="value" value="1"/></item>
<item name="B1" rev="23">
<attrib name="value" value="1"/></item>
<item name="B2" rev="23">
<attrib name="value" value="1"/></item>
<item name="B3" rev="23">
<attrib name="value" value="1"/></item>
<item name="B4" rev="23">
<attrib name="value" value="12"/></item>
<item name="B5" rev="23">
<attrib name="value" value="1"/></item>
<item name="B6" rev="23">
<attrib name="value" value="12"/></item>
<item name="BMUX" rev="23">
<attrib name="value" value="1"/></item>
<item name="BQ" rev="23">
<attrib name="value" value="11"/></item>
<item name="C1" rev="23">
<attrib name="value" value="3"/></item>
<item name="C2" rev="23">
<attrib name="value" value="3"/></item>
<item name="C3" rev="23">
<attrib name="value" value="3"/></item>
<item name="C4" rev="23">
<attrib name="value" value="14"/></item>
<item name="C5" rev="23">
<attrib name="value" value="3"/></item>
<item name="C6" rev="23">
<attrib name="value" value="13"/></item>
<item name="CE" rev="23">
<attrib name="value" value="7"/></item>
<item name="CIN" rev="23">
<attrib name="value" value="9"/></item>
<item name="CLK" rev="23">
<attrib name="value" value="13"/></item>
<item name="CMUX" rev="23">
<attrib name="value" value="1"/></item>
<item name="COUT" rev="23">
<attrib name="value" value="9"/></item>
<item name="CQ" rev="23">
<attrib name="value" value="13"/></item>
<item name="CX" rev="23">
<attrib name="value" value="3"/></item>
<item name="D2" rev="23">
<attrib name="value" value="3"/></item>
<item name="D3" rev="23">
<attrib name="value" value="3"/></item>
<item name="D4" rev="23">
<attrib name="value" value="13"/></item>
<item name="D5" rev="23">
<attrib name="value" value="3"/></item>
<item name="D6" rev="23">
<attrib name="value" value="12"/></item>
<item name="DQ" rev="23">
<attrib name="value" value="10"/></item>
<item name="SR" rev="23">
<attrib name="value" value="13"/></item>
</group>
<group name="SLICEM">
<item name="A" rev="23">
<attrib name="value" value="4"/></item>
<item name="A1" rev="23">
<attrib name="value" value="4"/></item>
<item name="A2" rev="23">
<attrib name="value" value="4"/></item>
<item name="A3" rev="23">
<attrib name="value" value="4"/></item>
<item name="A4" rev="23">
<attrib name="value" value="4"/></item>
<item name="A5" rev="23">
<attrib name="value" value="4"/></item>
<item name="A6" rev="23">
<attrib name="value" value="4"/></item>
<item name="AI" rev="23">
<attrib name="value" value="2"/></item>
<item name="AMUX" rev="23">
<attrib name="value" value="2"/></item>
<item name="AX" rev="23">
<attrib name="value" value="4"/></item>
<item name="B" rev="23">
<attrib name="value" value="4"/></item>
<item name="B1" rev="23">
<attrib name="value" value="4"/></item>
<item name="B2" rev="23">
<attrib name="value" value="4"/></item>
<item name="B3" rev="23">
<attrib name="value" value="4"/></item>
<item name="B4" rev="23">
<attrib name="value" value="4"/></item>
<item name="B5" rev="23">
<attrib name="value" value="4"/></item>
<item name="B6" rev="23">
<attrib name="value" value="4"/></item>
<item name="BI" rev="23">
<attrib name="value" value="2"/></item>
<item name="BMUX" rev="23">
<attrib name="value" value="2"/></item>
<item name="BX" rev="23">
<attrib name="value" value="2"/></item>
<item name="C" rev="23">
<attrib name="value" value="2"/></item>
<item name="C1" rev="23">
<attrib name="value" value="4"/></item>
<item name="C2" rev="23">
<attrib name="value" value="4"/></item>
<item name="C3" rev="23">
<attrib name="value" value="4"/></item>
<item name="C4" rev="23">
<attrib name="value" value="4"/></item>
<item name="C5" rev="23">
<attrib name="value" value="4"/></item>
<item name="C6" rev="23">
<attrib name="value" value="4"/></item>
<item name="CE" rev="23">
<attrib name="value" value="4"/></item>
<item name="CI" rev="23">
<attrib name="value" value="2"/></item>
<item name="CLK" rev="23">
<attrib name="value" value="4"/></item>
<item name="CMUX" rev="23">
<attrib name="value" value="2"/></item>
<item name="CX" rev="23">
<attrib name="value" value="4"/></item>
<item name="D1" rev="23">
<attrib name="value" value="4"/></item>
<item name="D2" rev="23">
<attrib name="value" value="4"/></item>
<item name="D3" rev="23">
<attrib name="value" value="4"/></item>
<item name="D4" rev="23">
<attrib name="value" value="4"/></item>
<item name="D5" rev="23">
<attrib name="value" value="4"/></item>
<item name="D6" rev="23">
<attrib name="value" value="4"/></item>
<item name="DI" rev="23">
<attrib name="value" value="2"/></item>
<item name="DMUX" rev="23">
<attrib name="value" value="2"/></item>
<item name="DX" rev="23">
<attrib name="value" value="4"/></item>
</group>
<group name="IOB_OUTBUF">
<item name="IN" rev="23">
<attrib name="value" value="12"/></item>
<item name="OUT" rev="23">
<attrib name="value" value="12"/></item>
</group>
<group name="SLICEX">
<item name="A" rev="23">
<attrib name="value" value="19"/></item>
<item name="A1" rev="23">
<attrib name="value" value="18"/></item>
<item name="A2" rev="23">
<attrib name="value" value="30"/></item>
<item name="A3" rev="23">
<attrib name="value" value="31"/></item>
<item name="A4" rev="23">
<attrib name="value" value="39"/></item>
<item name="A5" rev="23">
<attrib name="value" value="34"/></item>
<item name="A6" rev="23">
<attrib name="value" value="34"/></item>
<item name="AMUX" rev="23">
<attrib name="value" value="11"/></item>
<item name="AQ" rev="23">
<attrib name="value" value="30"/></item>
<item name="AX" rev="23">
<attrib name="value" value="8"/></item>
<item name="B" rev="23">
<attrib name="value" value="17"/></item>
<item name="B1" rev="23">
<attrib name="value" value="15"/></item>
<item name="B2" rev="23">
<attrib name="value" value="29"/></item>
<item name="B3" rev="23">
<attrib name="value" value="30"/></item>
<item name="B4" rev="23">
<attrib name="value" value="34"/></item>
<item name="B5" rev="23">
<attrib name="value" value="31"/></item>
<item name="B6" rev="23">
<attrib name="value" value="34"/></item>
<item name="BMUX" rev="23">
<attrib name="value" value="17"/></item>
<item name="BQ" rev="23">
<attrib name="value" value="24"/></item>
<item name="BX" rev="23">
<attrib name="value" value="7"/></item>
<item name="C" rev="23">
<attrib name="value" value="22"/></item>
<item name="C1" rev="23">
<attrib name="value" value="23"/></item>
<item name="C2" rev="23">
<attrib name="value" value="32"/></item>
<item name="C3" rev="23">
<attrib name="value" value="32"/></item>
<item name="C4" rev="23">
<attrib name="value" value="33"/></item>
<item name="C5" rev="23">
<attrib name="value" value="34"/></item>
<item name="C6" rev="23">
<attrib name="value" value="33"/></item>
<item name="CE" rev="23">
<attrib name="value" value="24"/></item>
<item name="CLK" rev="23">
<attrib name="value" value="39"/></item>
<item name="CMUX" rev="23">
<attrib name="value" value="12"/></item>
<item name="CQ" rev="23">
<attrib name="value" value="20"/></item>
<item name="CX" rev="23">
<attrib name="value" value="5"/></item>
<item name="D" rev="23">
<attrib name="value" value="22"/></item>
<item name="D1" rev="23">
<attrib name="value" value="19"/></item>
<item name="D2" rev="23">
<attrib name="value" value="24"/></item>
<item name="D3" rev="23">
<attrib name="value" value="26"/></item>
<item name="D4" rev="23">
<attrib name="value" value="26"/></item>
<item name="D5" rev="23">
<attrib name="value" value="28"/></item>
<item name="D6" rev="23">
<attrib name="value" value="29"/></item>
<item name="DMUX" rev="23">
<attrib name="value" value="11"/></item>
<item name="DQ" rev="23">
<attrib name="value" value="12"/></item>
<item name="DX" rev="23">
<attrib name="value" value="5"/></item>
<item name="SR" rev="23">
<attrib name="value" value="28"/></item>
</group>
<group name="BUFG_BUFG">
<item name="I0" rev="23">
<attrib name="value" value="2"/></item>
<item name="O" rev="23">
<attrib name="value" value="2"/></item>
</group>
<group name="PULL_OR_KEEP1">
<item name="PAD" rev="23">
<attrib name="value" value="1"/></item>
</group>
<group name="PAD">
<item name="PAD" rev="23">
<attrib name="value" value="15"/></item>
</group>
<group name="IOB_INBUF">
<item name="OUT" rev="23">
<attrib name="value" value="3"/></item>
<item name="PAD" rev="23">
<attrib name="value" value="3"/></item>
</group>
<group name="CARRY4">
<item name="CIN" rev="23">
<attrib name="value" value="9"/></item>
<item name="CO3" rev="23">
<attrib name="value" value="9"/></item>
<item name="CYINIT" rev="23">
<attrib name="value" value="2"/></item>
<item name="DI0" rev="23">
<attrib name="value" value="11"/></item>
<item name="DI1" rev="23">
<attrib name="value" value="11"/></item>
<item name="DI2" rev="23">
<attrib name="value" value="10"/></item>
<item name="DI3" rev="23">
<attrib name="value" value="9"/></item>
<item name="O0" rev="23">
<attrib name="value" value="11"/></item>
<item name="O1" rev="23">
<attrib name="value" value="11"/></item>
<item name="O2" rev="23">
<attrib name="value" value="11"/></item>
<item name="O3" rev="23">
<attrib name="value" value="10"/></item>
<item name="S0" rev="23">
<attrib name="value" value="11"/></item>
<item name="S1" rev="23">
<attrib name="value" value="11"/></item>
<item name="S2" rev="23">
<attrib name="value" value="11"/></item>
<item name="S3" rev="23">
<attrib name="value" value="10"/></item>
</group>
<group name="LUT5">
<item name="A1" rev="23">
<attrib name="value" value="23"/></item>
<item name="A2" rev="23">
<attrib name="value" value="43"/></item>
<item name="A3" rev="23">
<attrib name="value" value="46"/></item>
<item name="A4" rev="23">
<attrib name="value" value="34"/></item>
<item name="A5" rev="23">
<attrib name="value" value="41"/></item>
<item name="O5" rev="23">
<attrib name="value" value="93"/></item>
</group>
<group name="LUT6">
<item name="A1" rev="23">
<attrib name="value" value="70"/></item>
<item name="A2" rev="23">
<attrib name="value" value="112"/></item>
<item name="A3" rev="23">
<attrib name="value" value="122"/></item>
<item name="A4" rev="23">
<attrib name="value" value="184"/></item>
<item name="A5" rev="23">
<attrib name="value" value="132"/></item>
<item name="A6" rev="23">
<attrib name="value" value="180"/></item>
<item name="O6" rev="23">
<attrib name="value" value="188"/></item>
</group>
<group name="SELMUX2_1">
<item name="0" rev="23">
<attrib name="value" value="3"/></item>
<item name="1" rev="23">
<attrib name="value" value="3"/></item>
<item name="OUT" rev="23">
<attrib name="value" value="3"/></item>
<item name="S0" rev="23">
<attrib name="value" value="3"/></item>
</group>
<group name="INVERTER">
<item name="IN" rev="8">
<attrib name="value" value="1"/></item>
<item name="OUT" rev="8">
<attrib name="value" value="1"/></item>
</group>
<group name="IOB_IMUX">
<item name="I" rev="23">
<attrib name="value" value="3"/></item>
<item name="OUT" rev="23">
<attrib name="value" value="3"/></item>
</group>
<group name="IOB">
<item name="I" rev="23">
<attrib name="value" value="3"/></item>
<item name="O" rev="23">
<attrib name="value" value="12"/></item>
<item name="PAD" rev="23">
<attrib name="value" value="15"/></item>
</group>
<group name="HARD0">
<item name="0" rev="23">
<attrib name="value" value="2"/></item>
</group>
<group name="FF_SR">
<item name="CE" rev="23">
<attrib name="value" value="20"/></item>
<item name="CK" rev="23">
<attrib name="value" value="29"/></item>
<item name="D" rev="23">
<attrib name="value" value="29"/></item>
<item name="Q" rev="23">
<attrib name="value" value="29"/></item>
<item name="SR" rev="23">
<attrib name="value" value="23"/></item>
</group>
<group name="BUFG">
<item name="I0" rev="23">
<attrib name="value" value="2"/></item>
<item name="O" rev="23">
<attrib name="value" value="2"/></item>
</group>
</ReportPinData>
<CmdHistory>
</CmdHistory>
</DeviceUsageSummary>
