<?xml version="1.0" encoding="UTF-8"?>
<!-- IMPORTANT: This is an internal file that has been generated
     by the Xilinx ISE software.  Any direct editing or
     changes made to this file may result in unpredictable
     behavior or data corruption.  It is strongly advised that
     users do not edit the contents of this file. -->
<DeviceUsageSummary rev="11">
<DesignStatistics TimeStamp="Wed Jun 07 15:21:07 2017"><group name="NetStatistics">
<item name="NumNets_Active" rev="11">
<attrib name="value" value="414"/></item>
<item name="NumNets_Gnd" rev="11">
<attrib name="value" value="1"/></item>
<item name="NumNets_Vcc" rev="11">
<attrib name="value" value="1"/></item>
<item name="NumNodesOfType_Active_BOUNCEACROSS" rev="11">
<attrib name="value" value="12"/></item>
<item name="NumNodesOfType_Active_BOUNCEIN" rev="11">
<attrib name="value" value="56"/></item>
<item name="NumNodesOfType_Active_BUFGOUT" rev="11">
<attrib name="value" value="2"/></item>
<item name="NumNodesOfType_Active_BUFHINP2OUT" rev="11">
<attrib name="value" value="8"/></item>
<item name="NumNodesOfType_Active_CLKPIN" rev="11">
<attrib name="value" value="81"/></item>
<item name="NumNodesOfType_Active_CLKPINFEED" rev="11">
<attrib name="value" value="12"/></item>
<item name="NumNodesOfType_Active_CNTRLPIN" rev="11">
<attrib name="value" value="48"/></item>
<item name="NumNodesOfType_Active_DOUBLE" rev="11">
<attrib name="value" value="321"/></item>
<item name="NumNodesOfType_Active_GENERIC" rev="11">
<attrib name="value" value="5"/></item>
<item name="NumNodesOfType_Active_GLOBAL" rev="11">
<attrib name="value" value="47"/></item>
<item name="NumNodesOfType_Active_INPUT" rev="11">
<attrib name="value" value="158"/></item>
<item name="NumNodesOfType_Active_IOBIN2OUT" rev="11">
<attrib name="value" value="3"/></item>
<item name="NumNodesOfType_Active_IOBOUTPUT" rev="11">
<attrib name="value" value="3"/></item>
<item name="NumNodesOfType_Active_LUTINPUT" rev="11">
<attrib name="value" value="715"/></item>
<item name="NumNodesOfType_Active_OUTBOUND" rev="11">
<attrib name="value" value="413"/></item>
<item name="NumNodesOfType_Active_OUTPUT" rev="11">
<attrib name="value" value="418"/></item>
<item name="NumNodesOfType_Active_PADINPUT" rev="11">
<attrib name="value" value="2"/></item>
<item name="NumNodesOfType_Active_PADOUTPUT" rev="11">
<attrib name="value" value="2"/></item>
<item name="NumNodesOfType_Active_PINBOUNCE" rev="11">
<attrib name="value" value="300"/></item>
<item name="NumNodesOfType_Active_PINFEED" rev="11">
<attrib name="value" value="929"/></item>
<item name="NumNodesOfType_Active_QUAD" rev="11">
<attrib name="value" value="79"/></item>
<item name="NumNodesOfType_Active_REGINPUT" rev="11">
<attrib name="value" value="139"/></item>
<item name="NumNodesOfType_Active_SINGLE" rev="11">
<attrib name="value" value="567"/></item>
<item name="NumNodesOfType_Gnd_BOUNCEACROSS" rev="11">
<attrib name="value" value="1"/></item>
<item name="NumNodesOfType_Gnd_BOUNCEIN" rev="11">
<attrib name="value" value="43"/></item>
<item name="NumNodesOfType_Gnd_CLKPIN" rev="11">
<attrib name="value" value="1"/></item>
<item name="NumNodesOfType_Gnd_DOUBLE" rev="11">
<attrib name="value" value="8"/></item>
<item name="NumNodesOfType_Gnd_HGNDOUT" rev="11">
<attrib name="value" value="23"/></item>
<item name="NumNodesOfType_Gnd_INPUT" rev="11">
<attrib name="value" value="235"/></item>
<item name="NumNodesOfType_Gnd_LUTINPUT" rev="11">
<attrib name="value" value="53"/></item>
<item name="NumNodesOfType_Gnd_OUTBOUND" rev="11">
<attrib name="value" value="14"/></item>
<item name="NumNodesOfType_Gnd_OUTPUT" rev="11">
<attrib name="value" value="19"/></item>
<item name="NumNodesOfType_Gnd_PINBOUNCE" rev="11">
<attrib name="value" value="75"/></item>
<item name="NumNodesOfType_Gnd_PINFEED" rev="11">
<attrib name="value" value="261"/></item>
<item name="NumNodesOfType_Gnd_REGINPUT" rev="11">
<attrib name="value" value="2"/></item>
<item name="NumNodesOfType_Gnd_SINGLE" rev="11">
<attrib name="value" value="15"/></item>
<item name="NumNodesOfType_Vcc_CNTRLPIN" rev="11">
<attrib name="value" value="3"/></item>
<item name="NumNodesOfType_Vcc_HVCCOUT" rev="11">
<attrib name="value" value="39"/></item>
<item name="NumNodesOfType_Vcc_INPUT" rev="11">
<attrib name="value" value="17"/></item>
<item name="NumNodesOfType_Vcc_KVCCOUT" rev="11">
<attrib name="value" value="12"/></item>
<item name="NumNodesOfType_Vcc_LUTINPUT" rev="11">
<attrib name="value" value="133"/></item>
<item name="NumNodesOfType_Vcc_PINBOUNCE" rev="11">
<attrib name="value" value="5"/></item>
<item name="NumNodesOfType_Vcc_PINFEED" rev="11">
<attrib name="value" value="148"/></item>
</group>
<group name="SiteStatistics">
<item name="BUFG-BUFGMUX" rev="11">
<attrib name="value" value="2"/></item>
<item name="IOB-IOBM" rev="11">
<attrib name="value" value="3"/></item>
<item name="IOB-IOBS" rev="11">
<attrib name="value" value="2"/></item>
<item name="SLICEL-SLICEM" rev="11">
<attrib name="value" value="10"/></item>
<item name="SLICEX-SLICEL" rev="11">
<attrib name="value" value="2"/></item>
<item name="SLICEX-SLICEM" rev="11">
<attrib name="value" value="16"/></item>
</group>
<group name="MiscellaneousStatistics">
<item name="AGG_BONDED_IO" rev="10">
<attrib name="value" value="5"/></item>
<item name="AGG_IO" rev="10">
<attrib name="value" value="5"/></item>
<item name="AGG_LOCED_IO" rev="10">
<attrib name="value" value="5"/></item>
<item name="AGG_SLICE" rev="10">
<attrib name="value" value="89"/></item>
<item name="NUM_BONDED_IOB" rev="10">
<attrib name="value" value="5"/></item>
<item name="NUM_BSFULL" rev="10">
<attrib name="value" value="212"/></item>
<item name="NUM_BSLUTONLY" rev="10">
<attrib name="value" value="60"/></item>
<item name="NUM_BSREGONLY" rev="10">
<attrib name="value" value="32"/></item>
<item name="NUM_BSUSED" rev="10">
<attrib name="value" value="304"/></item>
<item name="NUM_BUFG" rev="10">
<attrib name="value" value="2"/></item>
<item name="NUM_DPRAM_O5ANDO6" rev="10">
<attrib name="value" value="4"/></item>
<item name="NUM_DPRAM_O6ONLY" rev="10">
<attrib name="value" value="4"/></item>
<item name="NUM_DSP48A1" rev="10">
<attrib name="value" value="2"/></item>
<item name="NUM_LOCED_IOB" rev="10">
<attrib name="value" value="5"/></item>
<item name="NUM_LOGIC_O5ANDO6" rev="10">
<attrib name="value" value="38"/></item>
<item name="NUM_LOGIC_O5ONLY" rev="10">
<attrib name="value" value="44"/></item>
<item name="NUM_LOGIC_O6ONLY" rev="10">
<attrib name="value" value="110"/></item>
<item name="NUM_LUT_RT_DRIVES_CARRY4" rev="10">
<attrib name="value" value="37"/></item>
<item name="NUM_LUT_RT_DRIVES_FLOP" rev="10">
<attrib name="value" value="8"/></item>
<item name="NUM_LUT_RT_EXO5" rev="10">
<attrib name="value" value="8"/></item>
<item name="NUM_LUT_RT_EXO6" rev="10">
<attrib name="value" value="36"/></item>
<item name="NUM_LUT_RT_O5" rev="10">
<attrib name="value" value="5"/></item>
<item name="NUM_LUT_RT_O5ANDO6" rev="10">
<attrib name="value" value="1"/></item>
<item name="NUM_LUT_RT_O6" rev="10">
<attrib name="value" value="44"/></item>
<item name="NUM_RAMB8BWER" rev="10">
<attrib name="value" value="2"/></item>
<item name="NUM_SLICEL" rev="10">
<attrib name="value" value="38"/></item>
<item name="NUM_SLICEM" rev="10">
<attrib name="value" value="11"/></item>
<item name="NUM_SLICEX" rev="10">
<attrib name="value" value="40"/></item>
<item name="NUM_SLICE_CARRY4" rev="10">
<attrib name="value" value="39"/></item>
<item name="NUM_SLICE_CONTROLSET" rev="10">
<attrib name="value" value="18"/></item>
<item name="NUM_SLICE_CYINIT" rev="10">
<attrib name="value" value="381"/></item>
<item name="NUM_SLICE_FF" rev="10">
<attrib name="value" value="286"/></item>
<item name="NUM_SLICE_UNUSEDCTRL" rev="10">
<attrib name="value" value="9"/></item>
<item name="NUM_SRL_O5ANDO6" rev="10">
<attrib name="value" value="8"/></item>
<item name="NUM_SRL_O6ONLY" rev="10">
<attrib name="value" value="19"/></item>
<item name="NUM_UNUSABLE_FF_BELS" rev="10">
<attrib name="value" value="35"/></item>
<item name="Xilinx Core blk_mem_gen_v7_3, Xilinx CORE Generator 14.7" rev="10">
<attrib name="value" value="1"/></item>
<item name="Xilinx Core dds_compiler_v4_0, Xilinx CORE Generator 14.7" rev="10">
<attrib name="value" value="1"/></item>
<item name="Xilinx Core fir_compiler_v5_0, Xilinx CORE Generator 14.7" rev="10">
<attrib name="value" value="1"/></item>
<item name="Xilinx Core mult_gen_v11_2, Xilinx CORE Generator 14.7" rev="10">
<attrib name="value" value="1"/></item>
</group>
</DesignStatistics>
<DeviceUsage TimeStamp="Wed Jun 07 15:21:07 2017"><group name="SiteSummary">
<item name="BUFG" rev="11">
<attrib name="total" value="1000000"/><attrib name="used" value="2"/></item>
<item name="BUFG_BUFG" rev="11">
<attrib name="total" value="1000000"/><attrib name="used" value="2"/></item>
<item name="CARRY4" rev="11">
<attrib name="total" value="1000000"/><attrib name="used" value="39"/></item>
<item name="DSP48A1" rev="11">
<attrib name="total" value="1000000"/><attrib name="used" value="2"/></item>
<item name="DSP48A1_DSP48A1" rev="11">
<attrib name="total" value="1000000"/><attrib name="used" value="2"/></item>
<item name="FF_SR" rev="11">
<attrib name="total" value="1000000"/><attrib name="used" value="45"/></item>
<item name="HARD0" rev="11">
<attrib name="total" value="1000000"/><attrib name="used" value="9"/></item>
<item name="INVERTER" rev="11">
<attrib name="total" value="1000000"/><attrib name="used" value="1"/></item>
<item name="IOB" rev="11">
<attrib name="total" value="1000000"/><attrib name="used" value="5"/></item>
<item name="IOB_IMUX" rev="11">
<attrib name="total" value="1000000"/><attrib name="used" value="3"/></item>
<item name="IOB_INBUF" rev="11">
<attrib name="total" value="1000000"/><attrib name="used" value="3"/></item>
<item name="IOB_OUTBUF" rev="11">
<attrib name="total" value="1000000"/><attrib name="used" value="2"/></item>
<item name="LUT5" rev="11">
<attrib name="total" value="1000000"/><attrib name="used" value="95"/></item>
<item name="LUT6" rev="11">
<attrib name="total" value="1000000"/><attrib name="used" value="226"/></item>
<item name="LUT_OR_MEM5" rev="11">
<attrib name="total" value="1000000"/><attrib name="used" value="13"/></item>
<item name="LUT_OR_MEM6" rev="11">
<attrib name="total" value="1000000"/><attrib name="used" value="38"/></item>
<item name="PAD" rev="11">
<attrib name="total" value="1000000"/><attrib name="used" value="5"/></item>
<item name="PULL_OR_KEEP1" rev="11">
<attrib name="total" value="1000000"/><attrib name="used" value="1"/></item>
<item name="RAMB8BWER" rev="11">
<attrib name="total" value="1000000"/><attrib name="used" value="2"/></item>
<item name="RAMB8BWER_RAMB8BWER" rev="11">
<attrib name="total" value="1000000"/><attrib name="used" value="2"/></item>
<item name="REG_SR" rev="11">
<attrib name="total" value="1000000"/><attrib name="used" value="241"/></item>
<item name="SLICEL" rev="11">
<attrib name="total" value="1000000"/><attrib name="used" value="38"/></item>
<item name="SLICEM" rev="11">
<attrib name="total" value="1000000"/><attrib name="used" value="11"/></item>
<item name="SLICEX" rev="11">
<attrib name="total" value="1000000"/><attrib name="used" value="40"/></item>
</group>
</DeviceUsage>
<ReportConfigData TimeStamp="Wed Jun 07 15:21:07 2017"><group name="DSP48A1">
<item name="CEA" rev="11">
<attrib name="CEA_INV" value="0"/><attrib name="CEA" value="2"/></item>
<item name="CEB" rev="11">
<attrib name="CEB_INV" value="0"/><attrib name="CEB" value="2"/></item>
<item name="CEC" rev="11">
<attrib name="CEC" value="2"/><attrib name="CEC_INV" value="0"/></item>
<item name="CECARRYIN" rev="11">
<attrib name="CECARRYIN_INV" value="0"/><attrib name="CECARRYIN" value="2"/></item>
<item name="CED" rev="11">
<attrib name="CED_INV" value="0"/><attrib name="CED" value="2"/></item>
<item name="CEM" rev="11">
<attrib name="CEM_INV" value="0"/><attrib name="CEM" value="2"/></item>
<item name="CEOPMODE" rev="11">
<attrib name="CEOPMODE_INV" value="0"/><attrib name="CEOPMODE" value="2"/></item>
<item name="CEP" rev="11">
<attrib name="CEP" value="2"/><attrib name="CEP_INV" value="0"/></item>
<item name="CLK" rev="11">
<attrib name="CLK" value="2"/><attrib name="CLK_INV" value="0"/></item>
<item name="RSTA" rev="11">
<attrib name="RSTA" value="2"/><attrib name="RSTA_INV" value="0"/></item>
<item name="RSTB" rev="11">
<attrib name="RSTB" value="2"/><attrib name="RSTB_INV" value="0"/></item>
<item name="RSTC" rev="11">
<attrib name="RSTC_INV" value="0"/><attrib name="RSTC" value="2"/></item>
<item name="RSTCARRYIN" rev="11">
<attrib name="RSTCARRYIN_INV" value="0"/><attrib name="RSTCARRYIN" value="2"/></item>
<item name="RSTD" rev="11">
<attrib name="RSTD_INV" value="0"/><attrib name="RSTD" value="2"/></item>
<item name="RSTM" rev="11">
<attrib name="RSTM" value="2"/><attrib name="RSTM_INV" value="0"/></item>
<item name="RSTOPMODE" rev="11">
<attrib name="RSTOPMODE_INV" value="0"/><attrib name="RSTOPMODE" value="2"/></item>
<item name="RSTP" rev="11">
<attrib name="RSTP_INV" value="0"/><attrib name="RSTP" value="2"/></item>
</group>
<group name="REG_SR">
<item name="CK" rev="11">
<attrib name="CK" value="241"/><attrib name="CK_INV" value="0"/></item>
<item name="LATCH_OR_FF" rev="11">
<attrib name="FF" value="241"/></item>
<item name="SRINIT" rev="11">
<attrib name="SRINIT0" value="236"/><attrib name="SRINIT1" value="5"/></item>
<item name="SYNC_ATTR" rev="11">
<attrib name="ASYNC" value="184"/><attrib name="SYNC" value="57"/></item>
</group>
<group name="LUT_OR_MEM5">
<item name="CLK" rev="11">
<attrib name="CLK" value="12"/><attrib name="CLK_INV" value="0"/></item>
<item name="LUT_OR_MEM" rev="11">
<attrib name="LUT" value="1"/><attrib name="RAM" value="12"/></item>
<item name="RAMMODE" rev="11">
<attrib name="SRL16" value="8"/><attrib name="DPRAM32" value="4"/></item>
</group>
<group name="LUT_OR_MEM6">
<item name="CLK" rev="11">
<attrib name="CLK" value="35"/><attrib name="CLK_INV" value="0"/></item>
<item name="LUT_OR_MEM" rev="11">
<attrib name="LUT" value="3"/><attrib name="RAM" value="35"/></item>
<item name="RAMMODE" rev="11">
<attrib name="SRL16" value="11"/><attrib name="SRL32" value="16"/><attrib name="DPRAM32" value="4"/><attrib name="DPRAM64" value="4"/></item>
</group>
<group name="DSP48A1_DSP48A1">
<item name="A0REG" rev="11">
<attrib name="0" value="2"/></item>
<item name="A1REG" rev="11">
<attrib name="0" value="1"/><attrib name="1" value="1"/></item>
<item name="B0REG" rev="11">
<attrib name="0" value="1"/><attrib name="1" value="1"/></item>
<item name="B1REG" rev="11">
<attrib name="0" value="1"/><attrib name="1" value="1"/></item>
<item name="B_INPUT" rev="11">
<attrib name="DIRECT" value="2"/></item>
<item name="CARRYINREG" rev="11">
<attrib name="0" value="2"/></item>
<item name="CARRYINSEL" rev="11">
<attrib name="OPMODE5" value="2"/></item>
<item name="CARRYOUTREG" rev="11">
<attrib name="0" value="2"/></item>
<item name="CEA" rev="11">
<attrib name="CEA_INV" value="0"/><attrib name="CEA" value="2"/></item>
<item name="CEB" rev="11">
<attrib name="CEB_INV" value="0"/><attrib name="CEB" value="2"/></item>
<item name="CEC" rev="11">
<attrib name="CEC" value="2"/><attrib name="CEC_INV" value="0"/></item>
<item name="CECARRYIN" rev="11">
<attrib name="CECARRYIN_INV" value="0"/><attrib name="CECARRYIN" value="2"/></item>
<item name="CED" rev="11">
<attrib name="CED_INV" value="0"/><attrib name="CED" value="2"/></item>
<item name="CEM" rev="11">
<attrib name="CEM_INV" value="0"/><attrib name="CEM" value="2"/></item>
<item name="CEOPMODE" rev="11">
<attrib name="CEOPMODE_INV" value="0"/><attrib name="CEOPMODE" value="2"/></item>
<item name="CEP" rev="11">
<attrib name="CEP" value="2"/><attrib name="CEP_INV" value="0"/></item>
<item name="CLK" rev="11">
<attrib name="CLK" value="2"/><attrib name="CLK_INV" value="0"/></item>
<item name="CREG" rev="11">
<attrib name="0" value="1"/><attrib name="1" value="1"/></item>
<item name="DREG" rev="11">
<attrib name="0" value="1"/><attrib name="1" value="1"/></item>
<item name="MREG" rev="11">
<attrib name="0" value="1"/><attrib name="1" value="1"/></item>
<item name="OPMODEREG" rev="11">
<attrib name="0" value="1"/><attrib name="1" value="1"/></item>
<item name="PREG" rev="11">
<attrib name="0" value="1"/><attrib name="1" value="1"/></item>
<item name="RSTA" rev="11">
<attrib name="RSTA" value="2"/><attrib name="RSTA_INV" value="0"/></item>
<item name="RSTB" rev="11">
<attrib name="RSTB" value="2"/><attrib name="RSTB_INV" value="0"/></item>
<item name="RSTC" rev="11">
<attrib name="RSTC_INV" value="0"/><attrib name="RSTC" value="2"/></item>
<item name="RSTCARRYIN" rev="11">
<attrib name="RSTCARRYIN_INV" value="0"/><attrib name="RSTCARRYIN" value="2"/></item>
<item name="RSTD" rev="11">
<attrib name="RSTD_INV" value="0"/><attrib name="RSTD" value="2"/></item>
<item name="RSTM" rev="11">
<attrib name="RSTM" value="2"/><attrib name="RSTM_INV" value="0"/></item>
<item name="RSTOPMODE" rev="11">
<attrib name="RSTOPMODE_INV" value="0"/><attrib name="RSTOPMODE" value="2"/></item>
<item name="RSTP" rev="11">
<attrib name="RSTP_INV" value="0"/><attrib name="RSTP" value="2"/></item>
<item name="RSTTYPE" rev="11">
<attrib name="SYNC" value="2"/></item>
</group>
<group name="SLICEL">
<item name="CLK" rev="11">
<attrib name="CLK" value="31"/><attrib name="CLK_INV" value="0"/></item>
</group>
<group name="SLICEM">
<item name="CLK" rev="11">
<attrib name="CLK" value="11"/><attrib name="CLK_INV" value="0"/></item>
</group>
<group name="IOB_OUTBUF">
<item name="DRIVEATTRBOX" rev="11">
<attrib name="8" value="2"/></item>
<item name="SLEW" rev="11">
<attrib name="FAST" value="2"/></item>
<item name="SUSPEND" rev="11">
<attrib name="3STATE" value="2"/></item>
</group>
<group name="SLICEX">
<item name="CLK" rev="11">
<attrib name="CLK" value="38"/><attrib name="CLK_INV" value="0"/></item>
</group>
<group name="PULL_OR_KEEP1">
<item name="PULLTYPE" rev="11">
<attrib name="PULLUP" value="1"/></item>
</group>
<group name="RAMB8BWER">
<item name="CLKAWRCLK" rev="11">
<attrib name="CLKAWRCLK" value="2"/><attrib name="CLKAWRCLK_INV" value="0"/></item>
<item name="CLKBRDCLK" rev="11">
<attrib name="CLKBRDCLK_INV" value="0"/><attrib name="CLKBRDCLK" value="2"/></item>
<item name="ENAWREN" rev="11">
<attrib name="ENAWREN" value="2"/><attrib name="ENAWREN_INV" value="0"/></item>
<item name="ENBRDEN" rev="11">
<attrib name="ENBRDEN_INV" value="0"/><attrib name="ENBRDEN" value="2"/></item>
<item name="REGCEA" rev="11">
<attrib name="REGCEA_INV" value="0"/><attrib name="REGCEA" value="2"/></item>
<item name="REGCEBREGCE" rev="11">
<attrib name="REGCEBREGCE_INV" value="0"/><attrib name="REGCEBREGCE" value="2"/></item>
<item name="RSTA" rev="11">
<attrib name="RSTA" value="2"/><attrib name="RSTA_INV" value="0"/></item>
<item name="RSTBRST" rev="11">
<attrib name="RSTBRST" value="2"/><attrib name="RSTBRST_INV" value="0"/></item>
<item name="WEAWEL0" rev="11">
<attrib name="WEAWEL0" value="2"/><attrib name="WEAWEL0_INV" value="0"/></item>
<item name="WEAWEL1" rev="11">
<attrib name="WEAWEL1_INV" value="0"/><attrib name="WEAWEL1" value="2"/></item>
<item name="WEBWEU0" rev="11">
<attrib name="WEBWEU0" value="2"/><attrib name="WEBWEU0_INV" value="0"/></item>
<item name="WEBWEU1" rev="11">
<attrib name="WEBWEU1" value="2"/><attrib name="WEBWEU1_INV" value="0"/></item>
</group>
<group name="FF_SR">
<item name="CK" rev="11">
<attrib name="CK" value="45"/><attrib name="CK_INV" value="0"/></item>
<item name="SRINIT" rev="11">
<attrib name="SRINIT0" value="44"/><attrib name="SRINIT1" value="1"/></item>
<item name="SYNC_ATTR" rev="11">
<attrib name="ASYNC" value="38"/><attrib name="SYNC" value="7"/></item>
</group>
<group name="RAMB8BWER_RAMB8BWER">
<item name="CLKAWRCLK" rev="11">
<attrib name="CLKAWRCLK" value="2"/><attrib name="CLKAWRCLK_INV" value="0"/></item>
<item name="CLKBRDCLK" rev="11">
<attrib name="CLKBRDCLK_INV" value="0"/><attrib name="CLKBRDCLK" value="2"/></item>
<item name="DATA_WIDTH_A" rev="11">
<attrib name="9" value="1"/><attrib name="18" value="1"/></item>
<item name="DATA_WIDTH_B" rev="11">
<attrib name="9" value="1"/><attrib name="18" value="1"/></item>
<item name="DOA_REG" rev="11">
<attrib name="0" value="1"/><attrib name="1" value="1"/></item>
<item name="DOB_REG" rev="11">
<attrib name="0" value="1"/><attrib name="1" value="1"/></item>
<item name="ENAWREN" rev="11">
<attrib name="ENAWREN" value="2"/><attrib name="ENAWREN_INV" value="0"/></item>
<item name="ENBRDEN" rev="11">
<attrib name="ENBRDEN_INV" value="0"/><attrib name="ENBRDEN" value="2"/></item>
<item name="EN_RSTRAM_A" rev="11">
<attrib name="FALSE" value="1"/><attrib name="TRUE" value="1"/></item>
<item name="EN_RSTRAM_B" rev="11">
<attrib name="FALSE" value="1"/><attrib name="TRUE" value="1"/></item>
<item name="RAM_MODE" rev="11">
<attrib name="TDP" value="2"/></item>
<item name="REGCEA" rev="11">
<attrib name="REGCEA_INV" value="0"/><attrib name="REGCEA" value="2"/></item>
<item name="REGCEBREGCE" rev="11">
<attrib name="REGCEBREGCE_INV" value="0"/><attrib name="REGCEBREGCE" value="2"/></item>
<item name="RSTA" rev="11">
<attrib name="RSTA" value="2"/><attrib name="RSTA_INV" value="0"/></item>
<item name="RSTBRST" rev="11">
<attrib name="RSTBRST" value="2"/><attrib name="RSTBRST_INV" value="0"/></item>
<item name="RSTTYPE" rev="11">
<attrib name="SYNC" value="2"/></item>
<item name="RST_PRIORITY_A" rev="11">
<attrib name="CE" value="2"/></item>
<item name="RST_PRIORITY_B" rev="11">
<attrib name="CE" value="2"/></item>
<item name="WEAWEL0" rev="11">
<attrib name="WEAWEL0" value="2"/><attrib name="WEAWEL0_INV" value="0"/></item>
<item name="WEAWEL1" rev="11">
<attrib name="WEAWEL1_INV" value="0"/><attrib name="WEAWEL1" value="2"/></item>
<item name="WEBWEU0" rev="11">
<attrib name="WEBWEU0" value="2"/><attrib name="WEBWEU0_INV" value="0"/></item>
<item name="WEBWEU1" rev="11">
<attrib name="WEBWEU1" value="2"/><attrib name="WEBWEU1_INV" value="0"/></item>
<item name="WRITE_MODE_A" rev="11">
<attrib name="WRITE_FIRST" value="2"/></item>
<item name="WRITE_MODE_B" rev="11">
<attrib name="WRITE_FIRST" value="2"/></item>
</group>
</ReportConfigData>
<ReportPinData TimeStamp="Wed Jun 07 15:21:07 2017"><group name="DSP48A1">
<item name="A0" rev="11">
<attrib name="value" value="2"/></item>
<item name="A1" rev="11">
<attrib name="value" value="2"/></item>
<item name="A10" rev="11">
<attrib name="value" value="2"/></item>
<item name="A11" rev="11">
<attrib name="value" value="2"/></item>
<item name="A12" rev="11">
<attrib name="value" value="2"/></item>
<item name="A13" rev="11">
<attrib name="value" value="2"/></item>
<item name="A14" rev="11">
<attrib name="value" value="2"/></item>
<item name="A15" rev="11">
<attrib name="value" value="2"/></item>
<item name="A16" rev="11">
<attrib name="value" value="2"/></item>
<item name="A17" rev="11">
<attrib name="value" value="2"/></item>
<item name="A2" rev="11">
<attrib name="value" value="2"/></item>
<item name="A3" rev="11">
<attrib name="value" value="2"/></item>
<item name="A4" rev="11">
<attrib name="value" value="2"/></item>
<item name="A5" rev="11">
<attrib name="value" value="2"/></item>
<item name="A6" rev="11">
<attrib name="value" value="2"/></item>
<item name="A7" rev="11">
<attrib name="value" value="2"/></item>
<item name="A8" rev="11">
<attrib name="value" value="2"/></item>
<item name="A9" rev="11">
<attrib name="value" value="2"/></item>
<item name="B0" rev="11">
<attrib name="value" value="2"/></item>
<item name="B1" rev="11">
<attrib name="value" value="2"/></item>
<item name="B10" rev="11">
<attrib name="value" value="2"/></item>
<item name="B11" rev="11">
<attrib name="value" value="2"/></item>
<item name="B12" rev="11">
<attrib name="value" value="2"/></item>
<item name="B13" rev="11">
<attrib name="value" value="2"/></item>
<item name="B14" rev="11">
<attrib name="value" value="2"/></item>
<item name="B15" rev="11">
<attrib name="value" value="2"/></item>
<item name="B16" rev="11">
<attrib name="value" value="2"/></item>
<item name="B17" rev="11">
<attrib name="value" value="2"/></item>
<item name="B2" rev="11">
<attrib name="value" value="2"/></item>
<item name="B3" rev="11">
<attrib name="value" value="2"/></item>
<item name="B4" rev="11">
<attrib name="value" value="2"/></item>
<item name="B5" rev="11">
<attrib name="value" value="2"/></item>
<item name="B6" rev="11">
<attrib name="value" value="2"/></item>
<item name="B7" rev="11">
<attrib name="value" value="2"/></item>
<item name="B8" rev="11">
<attrib name="value" value="2"/></item>
<item name="B9" rev="11">
<attrib name="value" value="2"/></item>
<item name="C0" rev="11">
<attrib name="value" value="2"/></item>
<item name="C1" rev="11">
<attrib name="value" value="2"/></item>
<item name="C10" rev="11">
<attrib name="value" value="2"/></item>
<item name="C11" rev="11">
<attrib name="value" value="2"/></item>
<item name="C12" rev="11">
<attrib name="value" value="2"/></item>
<item name="C13" rev="11">
<attrib name="value" value="2"/></item>
<item name="C14" rev="11">
<attrib name="value" value="2"/></item>
<item name="C15" rev="11">
<attrib name="value" value="2"/></item>
<item name="C16" rev="11">
<attrib name="value" value="2"/></item>
<item name="C17" rev="11">
<attrib name="value" value="2"/></item>
<item name="C18" rev="11">
<attrib name="value" value="2"/></item>
<item name="C19" rev="11">
<attrib name="value" value="2"/></item>
<item name="C2" rev="11">
<attrib name="value" value="2"/></item>
<item name="C20" rev="11">
<attrib name="value" value="2"/></item>
<item name="C21" rev="11">
<attrib name="value" value="2"/></item>
<item name="C22" rev="11">
<attrib name="value" value="2"/></item>
<item name="C23" rev="11">
<attrib name="value" value="2"/></item>
<item name="C24" rev="11">
<attrib name="value" value="2"/></item>
<item name="C25" rev="11">
<attrib name="value" value="2"/></item>
<item name="C26" rev="11">
<attrib name="value" value="2"/></item>
<item name="C27" rev="11">
<attrib name="value" value="2"/></item>
<item name="C28" rev="11">
<attrib name="value" value="2"/></item>
<item name="C29" rev="11">
<attrib name="value" value="2"/></item>
<item name="C3" rev="11">
<attrib name="value" value="2"/></item>
<item name="C30" rev="11">
<attrib name="value" value="2"/></item>
<item name="C31" rev="11">
<attrib name="value" value="2"/></item>
<item name="C32" rev="11">
<attrib name="value" value="2"/></item>
<item name="C33" rev="11">
<attrib name="value" value="2"/></item>
<item name="C34" rev="11">
<attrib name="value" value="2"/></item>
<item name="C35" rev="11">
<attrib name="value" value="2"/></item>
<item name="C36" rev="11">
<attrib name="value" value="2"/></item>
<item name="C37" rev="11">
<attrib name="value" value="2"/></item>
<item name="C38" rev="11">
<attrib name="value" value="2"/></item>
<item name="C39" rev="11">
<attrib name="value" value="2"/></item>
<item name="C4" rev="11">
<attrib name="value" value="2"/></item>
<item name="C40" rev="11">
<attrib name="value" value="2"/></item>
<item name="C41" rev="11">
<attrib name="value" value="2"/></item>
<item name="C42" rev="11">
<attrib name="value" value="2"/></item>
<item name="C43" rev="11">
<attrib name="value" value="2"/></item>
<item name="C44" rev="11">
<attrib name="value" value="2"/></item>
<item name="C45" rev="11">
<attrib name="value" value="2"/></item>
<item name="C46" rev="11">
<attrib name="value" value="2"/></item>
<item name="C47" rev="11">
<attrib name="value" value="2"/></item>
<item name="C5" rev="11">
<attrib name="value" value="2"/></item>
<item name="C6" rev="11">
<attrib name="value" value="2"/></item>
<item name="C7" rev="11">
<attrib name="value" value="2"/></item>
<item name="C8" rev="11">
<attrib name="value" value="2"/></item>
<item name="C9" rev="11">
<attrib name="value" value="2"/></item>
<item name="CEA" rev="11">
<attrib name="value" value="2"/></item>
<item name="CEB" rev="11">
<attrib name="value" value="2"/></item>
<item name="CEC" rev="11">
<attrib name="value" value="2"/></item>
<item name="CECARRYIN" rev="11">
<attrib name="value" value="2"/></item>
<item name="CED" rev="11">
<attrib name="value" value="2"/></item>
<item name="CEM" rev="11">
<attrib name="value" value="2"/></item>
<item name="CEOPMODE" rev="11">
<attrib name="value" value="2"/></item>
<item name="CEP" rev="11">
<attrib name="value" value="2"/></item>
<item name="CLK" rev="11">
<attrib name="value" value="2"/></item>
<item name="D0" rev="11">
<attrib name="value" value="2"/></item>
<item name="D1" rev="11">
<attrib name="value" value="2"/></item>
<item name="D10" rev="11">
<attrib name="value" value="2"/></item>
<item name="D11" rev="11">
<attrib name="value" value="2"/></item>
<item name="D12" rev="11">
<attrib name="value" value="2"/></item>
<item name="D13" rev="11">
<attrib name="value" value="2"/></item>
<item name="D14" rev="11">
<attrib name="value" value="2"/></item>
<item name="D15" rev="11">
<attrib name="value" value="2"/></item>
<item name="D16" rev="11">
<attrib name="value" value="2"/></item>
<item name="D17" rev="11">
<attrib name="value" value="2"/></item>
<item name="D2" rev="11">
<attrib name="value" value="2"/></item>
<item name="D3" rev="11">
<attrib name="value" value="2"/></item>
<item name="D4" rev="11">
<attrib name="value" value="2"/></item>
<item name="D5" rev="11">
<attrib name="value" value="2"/></item>
<item name="D6" rev="11">
<attrib name="value" value="2"/></item>
<item name="D7" rev="11">
<attrib name="value" value="2"/></item>
<item name="D8" rev="11">
<attrib name="value" value="2"/></item>
<item name="D9" rev="11">
<attrib name="value" value="2"/></item>
<item name="M10" rev="11">
<attrib name="value" value="1"/></item>
<item name="M11" rev="11">
<attrib name="value" value="1"/></item>
<item name="M12" rev="11">
<attrib name="value" value="1"/></item>
<item name="M13" rev="11">
<attrib name="value" value="1"/></item>
<item name="M14" rev="11">
<attrib name="value" value="1"/></item>
<item name="M15" rev="11">
<attrib name="value" value="1"/></item>
<item name="M8" rev="11">
<attrib name="value" value="1"/></item>
<item name="M9" rev="11">
<attrib name="value" value="1"/></item>
<item name="OPMODE0" rev="11">
<attrib name="value" value="2"/></item>
<item name="OPMODE1" rev="11">
<attrib name="value" value="2"/></item>
<item name="OPMODE2" rev="11">
<attrib name="value" value="2"/></item>
<item name="OPMODE3" rev="11">
<attrib name="value" value="2"/></item>
<item name="OPMODE4" rev="11">
<attrib name="value" value="2"/></item>
<item name="OPMODE5" rev="11">
<attrib name="value" value="2"/></item>
<item name="OPMODE6" rev="11">
<attrib name="value" value="2"/></item>
<item name="OPMODE7" rev="11">
<attrib name="value" value="2"/></item>
<item name="P14" rev="11">
<attrib name="value" value="1"/></item>
<item name="P15" rev="11">
<attrib name="value" value="1"/></item>
<item name="P16" rev="11">
<attrib name="value" value="1"/></item>
<item name="P17" rev="11">
<attrib name="value" value="1"/></item>
<item name="P18" rev="11">
<attrib name="value" value="1"/></item>
<item name="P19" rev="11">
<attrib name="value" value="1"/></item>
<item name="P20" rev="11">
<attrib name="value" value="1"/></item>
<item name="P21" rev="11">
<attrib name="value" value="1"/></item>
<item name="RSTA" rev="11">
<attrib name="value" value="2"/></item>
<item name="RSTB" rev="11">
<attrib name="value" value="2"/></item>
<item name="RSTC" rev="11">
<attrib name="value" value="2"/></item>
<item name="RSTCARRYIN" rev="11">
<attrib name="value" value="2"/></item>
<item name="RSTD" rev="11">
<attrib name="value" value="2"/></item>
<item name="RSTM" rev="11">
<attrib name="value" value="2"/></item>
<item name="RSTOPMODE" rev="11">
<attrib name="value" value="2"/></item>
<item name="RSTP" rev="11">
<attrib name="value" value="2"/></item>
</group>
<group name="REG_SR">
<item name="CE" rev="11">
<attrib name="value" value="58"/></item>
<item name="CK" rev="11">
<attrib name="value" value="241"/></item>
<item name="D" rev="11">
<attrib name="value" value="241"/></item>
<item name="Q" rev="11">
<attrib name="value" value="241"/></item>
<item name="SR" rev="11">
<attrib name="value" value="74"/></item>
</group>
<group name="LUT_OR_MEM5">
<item name="A1" rev="11">
<attrib name="value" value="12"/></item>
<item name="A2" rev="11">
<attrib name="value" value="12"/></item>
<item name="A3" rev="11">
<attrib name="value" value="12"/></item>
<item name="A4" rev="11">
<attrib name="value" value="13"/></item>
<item name="A5" rev="11">
<attrib name="value" value="13"/></item>
<item name="CLK" rev="11">
<attrib name="value" value="12"/></item>
<item name="DI1" rev="11">
<attrib name="value" value="12"/></item>
<item name="O5" rev="11">
<attrib name="value" value="13"/></item>
<item name="WA1" rev="11">
<attrib name="value" value="4"/></item>
<item name="WA2" rev="11">
<attrib name="value" value="4"/></item>
<item name="WA3" rev="11">
<attrib name="value" value="4"/></item>
<item name="WA4" rev="11">
<attrib name="value" value="4"/></item>
<item name="WA5" rev="11">
<attrib name="value" value="4"/></item>
<item name="WE" rev="11">
<attrib name="value" value="12"/></item>
</group>
<group name="LUT_OR_MEM6">
<item name="A1" rev="11">
<attrib name="value" value="35"/></item>
<item name="A2" rev="11">
<attrib name="value" value="35"/></item>
<item name="A3" rev="11">
<attrib name="value" value="35"/></item>
<item name="A4" rev="11">
<attrib name="value" value="38"/></item>
<item name="A5" rev="11">
<attrib name="value" value="37"/></item>
<item name="A6" rev="11">
<attrib name="value" value="38"/></item>
<item name="CLK" rev="11">
<attrib name="value" value="35"/></item>
<item name="DI1" rev="11">
<attrib name="value" value="20"/></item>
<item name="DI2" rev="11">
<attrib name="value" value="15"/></item>
<item name="O6" rev="11">
<attrib name="value" value="35"/></item>
<item name="WA1" rev="11">
<attrib name="value" value="8"/></item>
<item name="WA2" rev="11">
<attrib name="value" value="8"/></item>
<item name="WA3" rev="11">
<attrib name="value" value="8"/></item>
<item name="WA4" rev="11">
<attrib name="value" value="8"/></item>
<item name="WA5" rev="11">
<attrib name="value" value="8"/></item>
<item name="WA6" rev="11">
<attrib name="value" value="8"/></item>
<item name="WE" rev="11">
<attrib name="value" value="35"/></item>
</group>
<group name="DSP48A1_DSP48A1">
<item name="A0" rev="11">
<attrib name="value" value="2"/></item>
<item name="A1" rev="11">
<attrib name="value" value="2"/></item>
<item name="A10" rev="11">
<attrib name="value" value="2"/></item>
<item name="A11" rev="11">
<attrib name="value" value="2"/></item>
<item name="A12" rev="11">
<attrib name="value" value="2"/></item>
<item name="A13" rev="11">
<attrib name="value" value="2"/></item>
<item name="A14" rev="11">
<attrib name="value" value="2"/></item>
<item name="A15" rev="11">
<attrib name="value" value="2"/></item>
<item name="A16" rev="11">
<attrib name="value" value="2"/></item>
<item name="A17" rev="11">
<attrib name="value" value="2"/></item>
<item name="A2" rev="11">
<attrib name="value" value="2"/></item>
<item name="A3" rev="11">
<attrib name="value" value="2"/></item>
<item name="A4" rev="11">
<attrib name="value" value="2"/></item>
<item name="A5" rev="11">
<attrib name="value" value="2"/></item>
<item name="A6" rev="11">
<attrib name="value" value="2"/></item>
<item name="A7" rev="11">
<attrib name="value" value="2"/></item>
<item name="A8" rev="11">
<attrib name="value" value="2"/></item>
<item name="A9" rev="11">
<attrib name="value" value="2"/></item>
<item name="B0" rev="11">
<attrib name="value" value="2"/></item>
<item name="B1" rev="11">
<attrib name="value" value="2"/></item>
<item name="B10" rev="11">
<attrib name="value" value="2"/></item>
<item name="B11" rev="11">
<attrib name="value" value="2"/></item>
<item name="B12" rev="11">
<attrib name="value" value="2"/></item>
<item name="B13" rev="11">
<attrib name="value" value="2"/></item>
<item name="B14" rev="11">
<attrib name="value" value="2"/></item>
<item name="B15" rev="11">
<attrib name="value" value="2"/></item>
<item name="B16" rev="11">
<attrib name="value" value="2"/></item>
<item name="B17" rev="11">
<attrib name="value" value="2"/></item>
<item name="B2" rev="11">
<attrib name="value" value="2"/></item>
<item name="B3" rev="11">
<attrib name="value" value="2"/></item>
<item name="B4" rev="11">
<attrib name="value" value="2"/></item>
<item name="B5" rev="11">
<attrib name="value" value="2"/></item>
<item name="B6" rev="11">
<attrib name="value" value="2"/></item>
<item name="B7" rev="11">
<attrib name="value" value="2"/></item>
<item name="B8" rev="11">
<attrib name="value" value="2"/></item>
<item name="B9" rev="11">
<attrib name="value" value="2"/></item>
<item name="C0" rev="11">
<attrib name="value" value="2"/></item>
<item name="C1" rev="11">
<attrib name="value" value="2"/></item>
<item name="C10" rev="11">
<attrib name="value" value="2"/></item>
<item name="C11" rev="11">
<attrib name="value" value="2"/></item>
<item name="C12" rev="11">
<attrib name="value" value="2"/></item>
<item name="C13" rev="11">
<attrib name="value" value="2"/></item>
<item name="C14" rev="11">
<attrib name="value" value="2"/></item>
<item name="C15" rev="11">
<attrib name="value" value="2"/></item>
<item name="C16" rev="11">
<attrib name="value" value="2"/></item>
<item name="C17" rev="11">
<attrib name="value" value="2"/></item>
<item name="C18" rev="11">
<attrib name="value" value="2"/></item>
<item name="C19" rev="11">
<attrib name="value" value="2"/></item>
<item name="C2" rev="11">
<attrib name="value" value="2"/></item>
<item name="C20" rev="11">
<attrib name="value" value="2"/></item>
<item name="C21" rev="11">
<attrib name="value" value="2"/></item>
<item name="C22" rev="11">
<attrib name="value" value="2"/></item>
<item name="C23" rev="11">
<attrib name="value" value="2"/></item>
<item name="C24" rev="11">
<attrib name="value" value="2"/></item>
<item name="C25" rev="11">
<attrib name="value" value="2"/></item>
<item name="C26" rev="11">
<attrib name="value" value="2"/></item>
<item name="C27" rev="11">
<attrib name="value" value="2"/></item>
<item name="C28" rev="11">
<attrib name="value" value="2"/></item>
<item name="C29" rev="11">
<attrib name="value" value="2"/></item>
<item name="C3" rev="11">
<attrib name="value" value="2"/></item>
<item name="C30" rev="11">
<attrib name="value" value="2"/></item>
<item name="C31" rev="11">
<attrib name="value" value="2"/></item>
<item name="C32" rev="11">
<attrib name="value" value="2"/></item>
<item name="C33" rev="11">
<attrib name="value" value="2"/></item>
<item name="C34" rev="11">
<attrib name="value" value="2"/></item>
<item name="C35" rev="11">
<attrib name="value" value="2"/></item>
<item name="C36" rev="11">
<attrib name="value" value="2"/></item>
<item name="C37" rev="11">
<attrib name="value" value="2"/></item>
<item name="C38" rev="11">
<attrib name="value" value="2"/></item>
<item name="C39" rev="11">
<attrib name="value" value="2"/></item>
<item name="C4" rev="11">
<attrib name="value" value="2"/></item>
<item name="C40" rev="11">
<attrib name="value" value="2"/></item>
<item name="C41" rev="11">
<attrib name="value" value="2"/></item>
<item name="C42" rev="11">
<attrib name="value" value="2"/></item>
<item name="C43" rev="11">
<attrib name="value" value="2"/></item>
<item name="C44" rev="11">
<attrib name="value" value="2"/></item>
<item name="C45" rev="11">
<attrib name="value" value="2"/></item>
<item name="C46" rev="11">
<attrib name="value" value="2"/></item>
<item name="C47" rev="11">
<attrib name="value" value="2"/></item>
<item name="C5" rev="11">
<attrib name="value" value="2"/></item>
<item name="C6" rev="11">
<attrib name="value" value="2"/></item>
<item name="C7" rev="11">
<attrib name="value" value="2"/></item>
<item name="C8" rev="11">
<attrib name="value" value="2"/></item>
<item name="C9" rev="11">
<attrib name="value" value="2"/></item>
<item name="CEA" rev="11">
<attrib name="value" value="2"/></item>
<item name="CEB" rev="11">
<attrib name="value" value="2"/></item>
<item name="CEC" rev="11">
<attrib name="value" value="2"/></item>
<item name="CECARRYIN" rev="11">
<attrib name="value" value="2"/></item>
<item name="CED" rev="11">
<attrib name="value" value="2"/></item>
<item name="CEM" rev="11">
<attrib name="value" value="2"/></item>
<item name="CEOPMODE" rev="11">
<attrib name="value" value="2"/></item>
<item name="CEP" rev="11">
<attrib name="value" value="2"/></item>
<item name="CLK" rev="11">
<attrib name="value" value="2"/></item>
<item name="D0" rev="11">
<attrib name="value" value="2"/></item>
<item name="D1" rev="11">
<attrib name="value" value="2"/></item>
<item name="D10" rev="11">
<attrib name="value" value="2"/></item>
<item name="D11" rev="11">
<attrib name="value" value="2"/></item>
<item name="D12" rev="11">
<attrib name="value" value="2"/></item>
<item name="D13" rev="11">
<attrib name="value" value="2"/></item>
<item name="D14" rev="11">
<attrib name="value" value="2"/></item>
<item name="D15" rev="11">
<attrib name="value" value="2"/></item>
<item name="D16" rev="11">
<attrib name="value" value="2"/></item>
<item name="D17" rev="11">
<attrib name="value" value="2"/></item>
<item name="D2" rev="11">
<attrib name="value" value="2"/></item>
<item name="D3" rev="11">
<attrib name="value" value="2"/></item>
<item name="D4" rev="11">
<attrib name="value" value="2"/></item>
<item name="D5" rev="11">
<attrib name="value" value="2"/></item>
<item name="D6" rev="11">
<attrib name="value" value="2"/></item>
<item name="D7" rev="11">
<attrib name="value" value="2"/></item>
<item name="D8" rev="11">
<attrib name="value" value="2"/></item>
<item name="D9" rev="11">
<attrib name="value" value="2"/></item>
<item name="M10" rev="11">
<attrib name="value" value="1"/></item>
<item name="M11" rev="11">
<attrib name="value" value="1"/></item>
<item name="M12" rev="11">
<attrib name="value" value="1"/></item>
<item name="M13" rev="11">
<attrib name="value" value="1"/></item>
<item name="M14" rev="11">
<attrib name="value" value="1"/></item>
<item name="M15" rev="11">
<attrib name="value" value="1"/></item>
<item name="M8" rev="11">
<attrib name="value" value="1"/></item>
<item name="M9" rev="11">
<attrib name="value" value="1"/></item>
<item name="OPMODE0" rev="11">
<attrib name="value" value="2"/></item>
<item name="OPMODE1" rev="11">
<attrib name="value" value="2"/></item>
<item name="OPMODE2" rev="11">
<attrib name="value" value="2"/></item>
<item name="OPMODE3" rev="11">
<attrib name="value" value="2"/></item>
<item name="OPMODE4" rev="11">
<attrib name="value" value="2"/></item>
<item name="OPMODE5" rev="11">
<attrib name="value" value="2"/></item>
<item name="OPMODE6" rev="11">
<attrib name="value" value="2"/></item>
<item name="OPMODE7" rev="11">
<attrib name="value" value="2"/></item>
<item name="P14" rev="11">
<attrib name="value" value="1"/></item>
<item name="P15" rev="11">
<attrib name="value" value="1"/></item>
<item name="P16" rev="11">
<attrib name="value" value="1"/></item>
<item name="P17" rev="11">
<attrib name="value" value="1"/></item>
<item name="P18" rev="11">
<attrib name="value" value="1"/></item>
<item name="P19" rev="11">
<attrib name="value" value="1"/></item>
<item name="P20" rev="11">
<attrib name="value" value="1"/></item>
<item name="P21" rev="11">
<attrib name="value" value="1"/></item>
<item name="RSTA" rev="11">
<attrib name="value" value="2"/></item>
<item name="RSTB" rev="11">
<attrib name="value" value="2"/></item>
<item name="RSTC" rev="11">
<attrib name="value" value="2"/></item>
<item name="RSTCARRYIN" rev="11">
<attrib name="value" value="2"/></item>
<item name="RSTD" rev="11">
<attrib name="value" value="2"/></item>
<item name="RSTM" rev="11">
<attrib name="value" value="2"/></item>
<item name="RSTOPMODE" rev="11">
<attrib name="value" value="2"/></item>
<item name="RSTP" rev="11">
<attrib name="value" value="2"/></item>
</group>
<group name="SLICEL">
<item name="A1" rev="11">
<attrib name="value" value="2"/></item>
<item name="A2" rev="11">
<attrib name="value" value="2"/></item>
<item name="A3" rev="11">
<attrib name="value" value="2"/></item>
<item name="A4" rev="11">
<attrib name="value" value="28"/></item>
<item name="A5" rev="11">
<attrib name="value" value="14"/></item>
<item name="A6" rev="11">
<attrib name="value" value="27"/></item>
<item name="AMUX" rev="11">
<attrib name="value" value="4"/></item>
<item name="AQ" rev="11">
<attrib name="value" value="28"/></item>
<item name="AX" rev="11">
<attrib name="value" value="18"/></item>
<item name="B1" rev="11">
<attrib name="value" value="1"/></item>
<item name="B2" rev="11">
<attrib name="value" value="1"/></item>
<item name="B3" rev="11">
<attrib name="value" value="2"/></item>
<item name="B4" rev="11">
<attrib name="value" value="24"/></item>
<item name="B5" rev="11">
<attrib name="value" value="14"/></item>
<item name="B6" rev="11">
<attrib name="value" value="24"/></item>
<item name="BMUX" rev="11">
<attrib name="value" value="5"/></item>
<item name="BQ" rev="11">
<attrib name="value" value="25"/></item>
<item name="BX" rev="11">
<attrib name="value" value="17"/></item>
<item name="C1" rev="11">
<attrib name="value" value="1"/></item>
<item name="C2" rev="11">
<attrib name="value" value="1"/></item>
<item name="C3" rev="11">
<attrib name="value" value="3"/></item>
<item name="C4" rev="11">
<attrib name="value" value="23"/></item>
<item name="C5" rev="11">
<attrib name="value" value="15"/></item>
<item name="C6" rev="11">
<attrib name="value" value="24"/></item>
<item name="CE" rev="11">
<attrib name="value" value="2"/></item>
<item name="CIN" rev="11">
<attrib name="value" value="26"/></item>
<item name="CLK" rev="11">
<attrib name="value" value="31"/></item>
<item name="CMUX" rev="11">
<attrib name="value" value="6"/></item>
<item name="COUT" rev="11">
<attrib name="value" value="26"/></item>
<item name="CQ" rev="11">
<attrib name="value" value="23"/></item>
<item name="CX" rev="11">
<attrib name="value" value="16"/></item>
<item name="D1" rev="11">
<attrib name="value" value="1"/></item>
<item name="D2" rev="11">
<attrib name="value" value="1"/></item>
<item name="D3" rev="11">
<attrib name="value" value="4"/></item>
<item name="D4" rev="11">
<attrib name="value" value="23"/></item>
<item name="D5" rev="11">
<attrib name="value" value="14"/></item>
<item name="D6" rev="11">
<attrib name="value" value="22"/></item>
<item name="DMUX" rev="11">
<attrib name="value" value="6"/></item>
<item name="DQ" rev="11">
<attrib name="value" value="25"/></item>
<item name="DX" rev="11">
<attrib name="value" value="15"/></item>
<item name="SR" rev="11">
<attrib name="value" value="9"/></item>
</group>
<group name="SLICEM">
<item name="A" rev="11">
<attrib name="value" value="2"/></item>
<item name="A1" rev="11">
<attrib name="value" value="9"/></item>
<item name="A2" rev="11">
<attrib name="value" value="9"/></item>
<item name="A3" rev="11">
<attrib name="value" value="9"/></item>
<item name="A4" rev="11">
<attrib name="value" value="11"/></item>
<item name="A5" rev="11">
<attrib name="value" value="10"/></item>
<item name="A6" rev="11">
<attrib name="value" value="11"/></item>
<item name="AI" rev="11">
<attrib name="value" value="3"/></item>
<item name="AMUX" rev="11">
<attrib name="value" value="3"/></item>
<item name="AQ" rev="11">
<attrib name="value" value="9"/></item>
<item name="AX" rev="11">
<attrib name="value" value="9"/></item>
<item name="B" rev="11">
<attrib name="value" value="2"/></item>
<item name="B1" rev="11">
<attrib name="value" value="11"/></item>
<item name="B2" rev="11">
<attrib name="value" value="11"/></item>
<item name="B3" rev="11">
<attrib name="value" value="11"/></item>
<item name="B4" rev="11">
<attrib name="value" value="11"/></item>
<item name="B5" rev="11">
<attrib name="value" value="11"/></item>
<item name="B6" rev="11">
<attrib name="value" value="11"/></item>
<item name="BI" rev="11">
<attrib name="value" value="5"/></item>
<item name="BMUX" rev="11">
<attrib name="value" value="3"/></item>
<item name="BQ" rev="11">
<attrib name="value" value="9"/></item>
<item name="BX" rev="11">
<attrib name="value" value="8"/></item>
<item name="C" rev="11">
<attrib name="value" value="1"/></item>
<item name="C1" rev="11">
<attrib name="value" value="8"/></item>
<item name="C2" rev="11">
<attrib name="value" value="8"/></item>
<item name="C3" rev="11">
<attrib name="value" value="8"/></item>
<item name="C4" rev="11">
<attrib name="value" value="9"/></item>
<item name="C5" rev="11">
<attrib name="value" value="9"/></item>
<item name="C6" rev="11">
<attrib name="value" value="9"/></item>
<item name="CE" rev="11">
<attrib name="value" value="11"/></item>
<item name="CI" rev="11">
<attrib name="value" value="4"/></item>
<item name="CIN" rev="11">
<attrib name="value" value="1"/></item>
<item name="CLK" rev="11">
<attrib name="value" value="11"/></item>
<item name="CMUX" rev="11">
<attrib name="value" value="4"/></item>
<item name="CQ" rev="11">
<attrib name="value" value="7"/></item>
<item name="CX" rev="11">
<attrib name="value" value="7"/></item>
<item name="D1" rev="11">
<attrib name="value" value="7"/></item>
<item name="D2" rev="11">
<attrib name="value" value="7"/></item>
<item name="D3" rev="11">
<attrib name="value" value="7"/></item>
<item name="D4" rev="11">
<attrib name="value" value="7"/></item>
<item name="D5" rev="11">
<attrib name="value" value="7"/></item>
<item name="D6" rev="11">
<attrib name="value" value="7"/></item>
<item name="DI" rev="11">
<attrib name="value" value="3"/></item>
<item name="DMUX" rev="11">
<attrib name="value" value="3"/></item>
<item name="DQ" rev="11">
<attrib name="value" value="5"/></item>
<item name="DX" rev="11">
<attrib name="value" value="7"/></item>
</group>
<group name="IOB_OUTBUF">
<item name="IN" rev="11">
<attrib name="value" value="2"/></item>
<item name="OUT" rev="11">
<attrib name="value" value="2"/></item>
</group>
<group name="SLICEX">
<item name="A" rev="11">
<attrib name="value" value="8"/></item>
<item name="A1" rev="11">
<attrib name="value" value="8"/></item>
<item name="A2" rev="11">
<attrib name="value" value="12"/></item>
<item name="A3" rev="11">
<attrib name="value" value="15"/></item>
<item name="A4" rev="11">
<attrib name="value" value="24"/></item>
<item name="A5" rev="11">
<attrib name="value" value="24"/></item>
<item name="A6" rev="11">
<attrib name="value" value="24"/></item>
<item name="AMUX" rev="11">
<attrib name="value" value="6"/></item>
<item name="AQ" rev="11">
<attrib name="value" value="32"/></item>
<item name="AX" rev="11">
<attrib name="value" value="12"/></item>
<item name="B" rev="11">
<attrib name="value" value="6"/></item>
<item name="B1" rev="11">
<attrib name="value" value="3"/></item>
<item name="B2" rev="11">
<attrib name="value" value="13"/></item>
<item name="B3" rev="11">
<attrib name="value" value="19"/></item>
<item name="B4" rev="11">
<attrib name="value" value="25"/></item>
<item name="B5" rev="11">
<attrib name="value" value="23"/></item>
<item name="B6" rev="11">
<attrib name="value" value="24"/></item>
<item name="BMUX" rev="11">
<attrib name="value" value="14"/></item>
<item name="BQ" rev="11">
<attrib name="value" value="30"/></item>
<item name="BX" rev="11">
<attrib name="value" value="11"/></item>
<item name="C" rev="11">
<attrib name="value" value="6"/></item>
<item name="C1" rev="11">
<attrib name="value" value="8"/></item>
<item name="C2" rev="11">
<attrib name="value" value="13"/></item>
<item name="C3" rev="11">
<attrib name="value" value="17"/></item>
<item name="C4" rev="11">
<attrib name="value" value="19"/></item>
<item name="C5" rev="11">
<attrib name="value" value="22"/></item>
<item name="C6" rev="11">
<attrib name="value" value="20"/></item>
<item name="CE" rev="11">
<attrib name="value" value="13"/></item>
<item name="CLK" rev="11">
<attrib name="value" value="38"/></item>
<item name="CMUX" rev="11">
<attrib name="value" value="9"/></item>
<item name="CQ" rev="11">
<attrib name="value" value="26"/></item>
<item name="CX" rev="11">
<attrib name="value" value="10"/></item>
<item name="D" rev="11">
<attrib name="value" value="8"/></item>
<item name="D1" rev="11">
<attrib name="value" value="9"/></item>
<item name="D2" rev="11">
<attrib name="value" value="12"/></item>
<item name="D3" rev="11">
<attrib name="value" value="16"/></item>
<item name="D4" rev="11">
<attrib name="value" value="18"/></item>
<item name="D5" rev="11">
<attrib name="value" value="22"/></item>
<item name="D6" rev="11">
<attrib name="value" value="20"/></item>
<item name="DMUX" rev="11">
<attrib name="value" value="9"/></item>
<item name="DQ" rev="11">
<attrib name="value" value="22"/></item>
<item name="DX" rev="11">
<attrib name="value" value="10"/></item>
<item name="SR" rev="11">
<attrib name="value" value="16"/></item>
</group>
<group name="BUFG_BUFG">
<item name="I0" rev="11">
<attrib name="value" value="2"/></item>
<item name="O" rev="11">
<attrib name="value" value="2"/></item>
</group>
<group name="PULL_OR_KEEP1">
<item name="PAD" rev="11">
<attrib name="value" value="1"/></item>
</group>
<group name="PAD">
<item name="PAD" rev="11">
<attrib name="value" value="5"/></item>
</group>
<group name="IOB_INBUF">
<item name="OUT" rev="11">
<attrib name="value" value="3"/></item>
<item name="PAD" rev="11">
<attrib name="value" value="3"/></item>
</group>
<group name="RAMB8BWER">
<item name="ADDRAWRADDR0" rev="11">
<attrib name="value" value="1"/></item>
<item name="ADDRAWRADDR1" rev="11">
<attrib name="value" value="1"/></item>
<item name="ADDRAWRADDR10" rev="11">
<attrib name="value" value="2"/></item>
<item name="ADDRAWRADDR11" rev="11">
<attrib name="value" value="2"/></item>
<item name="ADDRAWRADDR12" rev="11">
<attrib name="value" value="2"/></item>
<item name="ADDRAWRADDR2" rev="11">
<attrib name="value" value="1"/></item>
<item name="ADDRAWRADDR3" rev="11">
<attrib name="value" value="2"/></item>
<item name="ADDRAWRADDR4" rev="11">
<attrib name="value" value="2"/></item>
<item name="ADDRAWRADDR5" rev="11">
<attrib name="value" value="2"/></item>
<item name="ADDRAWRADDR6" rev="11">
<attrib name="value" value="2"/></item>
<item name="ADDRAWRADDR7" rev="11">
<attrib name="value" value="2"/></item>
<item name="ADDRAWRADDR8" rev="11">
<attrib name="value" value="2"/></item>
<item name="ADDRAWRADDR9" rev="11">
<attrib name="value" value="2"/></item>
<item name="ADDRBRDADDR0" rev="11">
<attrib name="value" value="1"/></item>
<item name="ADDRBRDADDR1" rev="11">
<attrib name="value" value="1"/></item>
<item name="ADDRBRDADDR10" rev="11">
<attrib name="value" value="2"/></item>
<item name="ADDRBRDADDR11" rev="11">
<attrib name="value" value="2"/></item>
<item name="ADDRBRDADDR12" rev="11">
<attrib name="value" value="2"/></item>
<item name="ADDRBRDADDR2" rev="11">
<attrib name="value" value="1"/></item>
<item name="ADDRBRDADDR3" rev="11">
<attrib name="value" value="2"/></item>
<item name="ADDRBRDADDR4" rev="11">
<attrib name="value" value="2"/></item>
<item name="ADDRBRDADDR5" rev="11">
<attrib name="value" value="2"/></item>
<item name="ADDRBRDADDR6" rev="11">
<attrib name="value" value="2"/></item>
<item name="ADDRBRDADDR7" rev="11">
<attrib name="value" value="2"/></item>
<item name="ADDRBRDADDR8" rev="11">
<attrib name="value" value="2"/></item>
<item name="ADDRBRDADDR9" rev="11">
<attrib name="value" value="2"/></item>
<item name="CLKAWRCLK" rev="11">
<attrib name="value" value="2"/></item>
<item name="CLKBRDCLK" rev="11">
<attrib name="value" value="2"/></item>
<item name="DIADI0" rev="11">
<attrib name="value" value="2"/></item>
<item name="DIADI1" rev="11">
<attrib name="value" value="2"/></item>
<item name="DIADI10" rev="11">
<attrib name="value" value="1"/></item>
<item name="DIADI11" rev="11">
<attrib name="value" value="1"/></item>
<item name="DIADI12" rev="11">
<attrib name="value" value="1"/></item>
<item name="DIADI13" rev="11">
<attrib name="value" value="1"/></item>
<item name="DIADI14" rev="11">
<attrib name="value" value="1"/></item>
<item name="DIADI15" rev="11">
<attrib name="value" value="1"/></item>
<item name="DIADI2" rev="11">
<attrib name="value" value="2"/></item>
<item name="DIADI3" rev="11">
<attrib name="value" value="2"/></item>
<item name="DIADI4" rev="11">
<attrib name="value" value="2"/></item>
<item name="DIADI5" rev="11">
<attrib name="value" value="2"/></item>
<item name="DIADI6" rev="11">
<attrib name="value" value="2"/></item>
<item name="DIADI7" rev="11">
<attrib name="value" value="2"/></item>
<item name="DIADI8" rev="11">
<attrib name="value" value="1"/></item>
<item name="DIADI9" rev="11">
<attrib name="value" value="1"/></item>
<item name="DIBDI0" rev="11">
<attrib name="value" value="1"/></item>
<item name="DIBDI1" rev="11">
<attrib name="value" value="1"/></item>
<item name="DIBDI10" rev="11">
<attrib name="value" value="1"/></item>
<item name="DIBDI11" rev="11">
<attrib name="value" value="1"/></item>
<item name="DIBDI12" rev="11">
<attrib name="value" value="1"/></item>
<item name="DIBDI13" rev="11">
<attrib name="value" value="1"/></item>
<item name="DIBDI14" rev="11">
<attrib name="value" value="1"/></item>
<item name="DIBDI15" rev="11">
<attrib name="value" value="1"/></item>
<item name="DIBDI2" rev="11">
<attrib name="value" value="1"/></item>
<item name="DIBDI3" rev="11">
<attrib name="value" value="1"/></item>
<item name="DIBDI4" rev="11">
<attrib name="value" value="1"/></item>
<item name="DIBDI5" rev="11">
<attrib name="value" value="1"/></item>
<item name="DIBDI6" rev="11">
<attrib name="value" value="1"/></item>
<item name="DIBDI7" rev="11">
<attrib name="value" value="1"/></item>
<item name="DIBDI8" rev="11">
<attrib name="value" value="1"/></item>
<item name="DIBDI9" rev="11">
<attrib name="value" value="1"/></item>
<item name="DIPADIP0" rev="11">
<attrib name="value" value="2"/></item>
<item name="DIPADIP1" rev="11">
<attrib name="value" value="1"/></item>
<item name="DIPBDIP0" rev="11">
<attrib name="value" value="1"/></item>
<item name="DIPBDIP1" rev="11">
<attrib name="value" value="1"/></item>
<item name="DOADO0" rev="11">
<attrib name="value" value="1"/></item>
<item name="DOADO1" rev="11">
<attrib name="value" value="1"/></item>
<item name="DOADO8" rev="11">
<attrib name="value" value="1"/></item>
<item name="DOADO9" rev="11">
<attrib name="value" value="1"/></item>
<item name="DOBDO0" rev="11">
<attrib name="value" value="2"/></item>
<item name="DOBDO1" rev="11">
<attrib name="value" value="2"/></item>
<item name="DOBDO2" rev="11">
<attrib name="value" value="1"/></item>
<item name="DOBDO3" rev="11">
<attrib name="value" value="1"/></item>
<item name="DOBDO4" rev="11">
<attrib name="value" value="1"/></item>
<item name="DOBDO5" rev="11">
<attrib name="value" value="1"/></item>
<item name="DOBDO6" rev="11">
<attrib name="value" value="1"/></item>
<item name="DOBDO7" rev="11">
<attrib name="value" value="1"/></item>
<item name="DOBDO8" rev="11">
<attrib name="value" value="1"/></item>
<item name="DOBDO9" rev="11">
<attrib name="value" value="1"/></item>
<item name="ENAWREN" rev="11">
<attrib name="value" value="2"/></item>
<item name="ENBRDEN" rev="11">
<attrib name="value" value="2"/></item>
<item name="REGCEA" rev="11">
<attrib name="value" value="2"/></item>
<item name="REGCEBREGCE" rev="11">
<attrib name="value" value="2"/></item>
<item name="RSTA" rev="11">
<attrib name="value" value="2"/></item>
<item name="RSTBRST" rev="11">
<attrib name="value" value="2"/></item>
<item name="WEAWEL0" rev="11">
<attrib name="value" value="2"/></item>
<item name="WEAWEL1" rev="11">
<attrib name="value" value="2"/></item>
<item name="WEBWEU0" rev="11">
<attrib name="value" value="2"/></item>
<item name="WEBWEU1" rev="11">
<attrib name="value" value="2"/></item>
</group>
<group name="CARRY4">
<item name="CIN" rev="11">
<attrib name="value" value="27"/></item>
<item name="CO0" rev="11">
<attrib name="value" value="1"/></item>
<item name="CO2" rev="11">
<attrib name="value" value="1"/></item>
<item name="CO3" rev="11">
<attrib name="value" value="26"/></item>
<item name="CYINIT" rev="11">
<attrib name="value" value="12"/></item>
<item name="DI0" rev="11">
<attrib name="value" value="33"/></item>
<item name="DI1" rev="11">
<attrib name="value" value="29"/></item>
<item name="DI2" rev="11">
<attrib name="value" value="29"/></item>
<item name="DI3" rev="11">
<attrib name="value" value="25"/></item>
<item name="O0" rev="11">
<attrib name="value" value="32"/></item>
<item name="O1" rev="11">
<attrib name="value" value="28"/></item>
<item name="O2" rev="11">
<attrib name="value" value="25"/></item>
<item name="O3" rev="11">
<attrib name="value" value="26"/></item>
<item name="S0" rev="11">
<attrib name="value" value="39"/></item>
<item name="S1" rev="11">
<attrib name="value" value="32"/></item>
<item name="S2" rev="11">
<attrib name="value" value="29"/></item>
<item name="S3" rev="11">
<attrib name="value" value="29"/></item>
</group>
<group name="LUT5">
<item name="A1" rev="11">
<attrib name="value" value="7"/></item>
<item name="A2" rev="11">
<attrib name="value" value="12"/></item>
<item name="A3" rev="11">
<attrib name="value" value="31"/></item>
<item name="A4" rev="11">
<attrib name="value" value="18"/></item>
<item name="A5" rev="11">
<attrib name="value" value="22"/></item>
<item name="O5" rev="11">
<attrib name="value" value="95"/></item>
</group>
<group name="LUT6">
<item name="A1" rev="11">
<attrib name="value" value="29"/></item>
<item name="A2" rev="11">
<attrib name="value" value="49"/></item>
<item name="A3" rev="11">
<attrib name="value" value="60"/></item>
<item name="A4" rev="11">
<attrib name="value" value="184"/></item>
<item name="A5" rev="11">
<attrib name="value" value="140"/></item>
<item name="A6" rev="11">
<attrib name="value" value="185"/></item>
<item name="O6" rev="11">
<attrib name="value" value="226"/></item>
</group>
<group name="INVERTER">
<item name="IN" rev="11">
<attrib name="value" value="1"/></item>
<item name="OUT" rev="11">
<attrib name="value" value="1"/></item>
</group>
<group name="IOB_IMUX">
<item name="I" rev="11">
<attrib name="value" value="2"/></item>
<item name="I_B" rev="11">
<attrib name="value" value="1"/></item>
<item name="OUT" rev="11">
<attrib name="value" value="3"/></item>
</group>
<group name="IOB">
<item name="I" rev="11">
<attrib name="value" value="3"/></item>
<item name="O" rev="11">
<attrib name="value" value="2"/></item>
<item name="PAD" rev="11">
<attrib name="value" value="5"/></item>
</group>
<group name="HARD0">
<item name="0" rev="11">
<attrib name="value" value="9"/></item>
</group>
<group name="FF_SR">
<item name="CE" rev="11">
<attrib name="value" value="19"/></item>
<item name="CK" rev="11">
<attrib name="value" value="45"/></item>
<item name="D" rev="11">
<attrib name="value" value="45"/></item>
<item name="Q" rev="11">
<attrib name="value" value="45"/></item>
<item name="SR" rev="11">
<attrib name="value" value="24"/></item>
</group>
<group name="BUFG">
<item name="I0" rev="11">
<attrib name="value" value="2"/></item>
<item name="O" rev="11">
<attrib name="value" value="2"/></item>
</group>
<group name="RAMB8BWER_RAMB8BWER">
<item name="ADDRAWRADDR0" rev="11">
<attrib name="value" value="1"/></item>
<item name="ADDRAWRADDR1" rev="11">
<attrib name="value" value="1"/></item>
<item name="ADDRAWRADDR10" rev="11">
<attrib name="value" value="2"/></item>
<item name="ADDRAWRADDR11" rev="11">
<attrib name="value" value="2"/></item>
<item name="ADDRAWRADDR12" rev="11">
<attrib name="value" value="2"/></item>
<item name="ADDRAWRADDR2" rev="11">
<attrib name="value" value="1"/></item>
<item name="ADDRAWRADDR3" rev="11">
<attrib name="value" value="2"/></item>
<item name="ADDRAWRADDR4" rev="11">
<attrib name="value" value="2"/></item>
<item name="ADDRAWRADDR5" rev="11">
<attrib name="value" value="2"/></item>
<item name="ADDRAWRADDR6" rev="11">
<attrib name="value" value="2"/></item>
<item name="ADDRAWRADDR7" rev="11">
<attrib name="value" value="2"/></item>
<item name="ADDRAWRADDR8" rev="11">
<attrib name="value" value="2"/></item>
<item name="ADDRAWRADDR9" rev="11">
<attrib name="value" value="2"/></item>
<item name="ADDRBRDADDR0" rev="11">
<attrib name="value" value="1"/></item>
<item name="ADDRBRDADDR1" rev="11">
<attrib name="value" value="1"/></item>
<item name="ADDRBRDADDR10" rev="11">
<attrib name="value" value="2"/></item>
<item name="ADDRBRDADDR11" rev="11">
<attrib name="value" value="2"/></item>
<item name="ADDRBRDADDR12" rev="11">
<attrib name="value" value="2"/></item>
<item name="ADDRBRDADDR2" rev="11">
<attrib name="value" value="1"/></item>
<item name="ADDRBRDADDR3" rev="11">
<attrib name="value" value="2"/></item>
<item name="ADDRBRDADDR4" rev="11">
<attrib name="value" value="2"/></item>
<item name="ADDRBRDADDR5" rev="11">
<attrib name="value" value="2"/></item>
<item name="ADDRBRDADDR6" rev="11">
<attrib name="value" value="2"/></item>
<item name="ADDRBRDADDR7" rev="11">
<attrib name="value" value="2"/></item>
<item name="ADDRBRDADDR8" rev="11">
<attrib name="value" value="2"/></item>
<item name="ADDRBRDADDR9" rev="11">
<attrib name="value" value="2"/></item>
<item name="CLKAWRCLK" rev="11">
<attrib name="value" value="2"/></item>
<item name="CLKBRDCLK" rev="11">
<attrib name="value" value="2"/></item>
<item name="DIADI0" rev="11">
<attrib name="value" value="2"/></item>
<item name="DIADI1" rev="11">
<attrib name="value" value="2"/></item>
<item name="DIADI10" rev="11">
<attrib name="value" value="1"/></item>
<item name="DIADI11" rev="11">
<attrib name="value" value="1"/></item>
<item name="DIADI12" rev="11">
<attrib name="value" value="1"/></item>
<item name="DIADI13" rev="11">
<attrib name="value" value="1"/></item>
<item name="DIADI14" rev="11">
<attrib name="value" value="1"/></item>
<item name="DIADI15" rev="11">
<attrib name="value" value="1"/></item>
<item name="DIADI2" rev="11">
<attrib name="value" value="2"/></item>
<item name="DIADI3" rev="11">
<attrib name="value" value="2"/></item>
<item name="DIADI4" rev="11">
<attrib name="value" value="2"/></item>
<item name="DIADI5" rev="11">
<attrib name="value" value="2"/></item>
<item name="DIADI6" rev="11">
<attrib name="value" value="2"/></item>
<item name="DIADI7" rev="11">
<attrib name="value" value="2"/></item>
<item name="DIADI8" rev="11">
<attrib name="value" value="1"/></item>
<item name="DIADI9" rev="11">
<attrib name="value" value="1"/></item>
<item name="DIBDI0" rev="11">
<attrib name="value" value="1"/></item>
<item name="DIBDI1" rev="11">
<attrib name="value" value="1"/></item>
<item name="DIBDI10" rev="11">
<attrib name="value" value="1"/></item>
<item name="DIBDI11" rev="11">
<attrib name="value" value="1"/></item>
<item name="DIBDI12" rev="11">
<attrib name="value" value="1"/></item>
<item name="DIBDI13" rev="11">
<attrib name="value" value="1"/></item>
<item name="DIBDI14" rev="11">
<attrib name="value" value="1"/></item>
<item name="DIBDI15" rev="11">
<attrib name="value" value="1"/></item>
<item name="DIBDI2" rev="11">
<attrib name="value" value="1"/></item>
<item name="DIBDI3" rev="11">
<attrib name="value" value="1"/></item>
<item name="DIBDI4" rev="11">
<attrib name="value" value="1"/></item>
<item name="DIBDI5" rev="11">
<attrib name="value" value="1"/></item>
<item name="DIBDI6" rev="11">
<attrib name="value" value="1"/></item>
<item name="DIBDI7" rev="11">
<attrib name="value" value="1"/></item>
<item name="DIBDI8" rev="11">
<attrib name="value" value="1"/></item>
<item name="DIBDI9" rev="11">
<attrib name="value" value="1"/></item>
<item name="DIPADIP0" rev="11">
<attrib name="value" value="2"/></item>
<item name="DIPADIP1" rev="11">
<attrib name="value" value="1"/></item>
<item name="DIPBDIP0" rev="11">
<attrib name="value" value="1"/></item>
<item name="DIPBDIP1" rev="11">
<attrib name="value" value="1"/></item>
<item name="DOADO0" rev="11">
<attrib name="value" value="1"/></item>
<item name="DOADO1" rev="11">
<attrib name="value" value="1"/></item>
<item name="DOADO8" rev="11">
<attrib name="value" value="1"/></item>
<item name="DOADO9" rev="11">
<attrib name="value" value="1"/></item>
<item name="DOBDO0" rev="11">
<attrib name="value" value="2"/></item>
<item name="DOBDO1" rev="11">
<attrib name="value" value="2"/></item>
<item name="DOBDO2" rev="11">
<attrib name="value" value="1"/></item>
<item name="DOBDO3" rev="11">
<attrib name="value" value="1"/></item>
<item name="DOBDO4" rev="11">
<attrib name="value" value="1"/></item>
<item name="DOBDO5" rev="11">
<attrib name="value" value="1"/></item>
<item name="DOBDO6" rev="11">
<attrib name="value" value="1"/></item>
<item name="DOBDO7" rev="11">
<attrib name="value" value="1"/></item>
<item name="DOBDO8" rev="11">
<attrib name="value" value="1"/></item>
<item name="DOBDO9" rev="11">
<attrib name="value" value="1"/></item>
<item name="ENAWREN" rev="11">
<attrib name="value" value="2"/></item>
<item name="ENBRDEN" rev="11">
<attrib name="value" value="2"/></item>
<item name="REGCEA" rev="11">
<attrib name="value" value="2"/></item>
<item name="REGCEBREGCE" rev="11">
<attrib name="value" value="2"/></item>
<item name="RSTA" rev="11">
<attrib name="value" value="2"/></item>
<item name="RSTBRST" rev="11">
<attrib name="value" value="2"/></item>
<item name="WEAWEL0" rev="11">
<attrib name="value" value="2"/></item>
<item name="WEAWEL1" rev="11">
<attrib name="value" value="2"/></item>
<item name="WEBWEU0" rev="11">
<attrib name="value" value="2"/></item>
<item name="WEBWEU1" rev="11">
<attrib name="value" value="2"/></item>
</group>
</ReportPinData>
<CmdHistory>
</CmdHistory>
</DeviceUsageSummary>
